Month,Division,GA Source,Package/Roadblock,Device,Placement Start Date,Placement End Date,Job# (s),Analytic Campaign Name,Campaign Name,Creative,Impressions,Clicks,Media Cost
2014-02,Houston,add,AddThis Anserra GO Houston DMA PACKAGE,banners,2/3/2014,2/22/2014,115086,anserra_go,Anserra Grand Opening,115086_HOU_160x600.jpg,75323.00,78.00,812.41
2014-02,Houston,mobileT,MobileTheory Anserra GO Houston DMA PACKAGE,mobile,2/3/2014,2/22/2014,115086,anserra_go,Anserra Grand Opening,Grand Opening,20315.00,92.00,2500.00
2014-02,Houston,add,AddThis Anserra GO Houston DMA PACKAGE,banners,2/3/2014,2/22/2014,115424,anserra_sp,Anserra Sneak Peek,115424_HOU_160x600.jpg,148428.00,461.00,1687.58
2014-02,Jacksonville,mobileT,Mobile Theory Alexandria Pointe GO JAX DMA  2/3-2/22 PACKAGE,mobile,2/3/2014,2/22/2014,114921,apoint_go,Alexandria Pointe Grand Opening (Deland),JAX_1x1,119066.00,1305.00,1999.99
2014-02,SoCal Coastal,add,AddThis Arbor Rose Sustain Zip Targeting Display 2/1-2/28 PACKAGE,banners,2/1/2014,2/28/2014,111844,arbor_sus,Arbor Rose Sustain (Arcadia),111844_1PGO_160x600.jpg,114.00,1.00,999.99
2014-02,Central California,add,AddThis Aria & Legato Sacramento DMA 1/27-2/9 PACKAGE,banners,1/27/2014,2/9/2014,114890,aria_cs,Aria & Legato Interest List,114890_160x600.swf,53056.00,19.00,643.41
2014-02,Central California,add,AddThis Aria & Legato Sacramento DMA 2/17-3/2 PACKAGE,banners,2/17/2014,3/2/2014,115716,aria_cs,Aria & Legato Interest List,115716_SAC_160x600.swf,104438.00,31.00,1346.54
2014-02,Central California,mobileT,Mobile Theory Aria & Legato Sacramento DMA 1/27-2/9 PACKAGE,mobile,1/27/2014,2/9/2014,115716,aria_cs,Aria & Legato Interest List,SAC_1x1,2120.00,23.00,403.03
2014-02,Central California,mobileT,Mobile Theory Aria & Legato Sacramento DMA 2/17-3/2 PACKAGE,mobile,2/17/2014,3/2/2014,115716,aria_cs,Aria & Legato Interest List,SAC_1x1,33404.00,266.00,1480.00
2014-02,Austin,linked,1Q14 AUS LinkedIn Real Estate,banners,12/1/2013,2/28/2014,113651,aus,Q1 Sustaining Linked In -Real Estate,113651_300x250.jpg,17386.00,5.00,316.43
2014-02,Austin,linked,"1Q14 AUS LinkedIn Military, High Tech",banners,12/1/2013,2/28/2014,113652,aus,Q1 Sustaining Linked In - Military,113652_300x250.jpg,75461.00,29.00,1463.94
2014-02,Austin,facebook,1Q14 AUS FB Newsfeed Feb- Austin DMA,ad,2/1/2014,2/28/2014,113579,aus ,Q1 Sustaining,Facebook,165495.00,1768.00,1808.85
2014-02,Austin,trulia,1Q14 Austin DMA Sustain Trulia Display 300x600 FEB,banners,2/1/2014,2/28/2014,113579,aus ,Q1 Sustaining,113579_300x600.swf,23554.00,194.00,376.86
2014-02,Austin,trulia,1Q14 Austin DMA Sustain Trulia Mobile 320x50 FEB,mobile,2/1/2014,2/28/2014,113579,aus ,Q1 Sustaining,113579_320x50.jpg,6954.00,15.00,151.95
2014-02,Austin,zillow,1Q14 Austin DMA Sustain Zillow Display 300x600 FEB,banners,2/1/2014,2/28/2014,113579,aus ,Q1 Sustaining,113579_300x600.swf,30601.00,66.00,244.81
2014-02,Austin,zillow,1Q14 Austin DMA Sustain Zillow Mobile 320x50 FEB,mobile,2/1/2014,2/28/2014,113579,aus ,Q1 Sustaining,Sustain,23600.00,163.00,433.20
2014-02,Austin,add,AddThis Sales Event Austin DMA 2/6-2/16 PACKAGE,banners,2/6/2014,2/16/2014,115076,aus_bds1,Sales Event,115076_160x600.jpg,65630.00,645.00,478.86
2014-02,Austin,mobileT,Mobile Theory Sales Event Austin DMA 2/6-2/16 PACKAGE,mobile,2/6/2014,2/16/2014,115076,aus_bds1,Sales Event,Sales Event Week 1,23724.00,149.00,1500.00
2014-02,Austin,trulia,1Q14 Austin DMA Sustain Trulia Display 300x600 FEB,banners,2/1/2014,2/28/2014,115076,aus_bds1,Sales Event,115076_300x600.jpg,18480.00,181.00,295.68
2014-02,Austin,trulia,1Q14 Austin DMA Sustain Trulia Mobile 320x50 FEB,mobile,2/1/2014,2/28/2014,115076,aus_bds1,Sales Event,115076_320x50.gif,5523.00,7.00,122.54
2014-02,Austin,zillow,1Q14 Austin DMA Sustain Zillow Display 300x600 FEB,banners,2/1/2014,2/28/2014,115076,aus_bds1,Sales Event,115076_300x600.jpg,24262.00,63.00,194.10
2014-02,Austin,zillow,1Q14 Austin DMA Sustain Zillow Mobile 320x50 FEB,mobile,2/1/2014,2/28/2014,115076,aus_bds1,Sales Event,Sales Event Week 1,8972.00,72.00,427.33
2014-02,Austin,add,AddThis Sales Event Austin DMA 2/6-2/16 PACKAGE,banners,2/6/2014,2/16/2014,115119,aus_bds2,Sales Event,115119_AUS_160x600.jpg,55333.00,202.00,703.95
2014-02,Austin,trulia,1Q14 Austin DMA Sustain Trulia Display 300x600 FEB,banners,2/1/2014,2/28/2014,115119,aus_bds2,Sales Event,115119_AUS_300x600.jpg,83570.00,540.00,1157.46
2014-02,Austin,trulia,1Q14 Austin DMA Sustain Trulia Mobile 320x50 FEB,mobile,2/1/2014,2/28/2014,115119,aus_bds2,Sales Event,115119_AUS_320x50.jpg,24528.00,45.00,461.51
2014-02,Austin,zillow,1Q14 Austin DMA Sustain Zillow Display 300x600 FEB,banners,2/1/2014,2/28/2014,115119,aus_bds2,Sales Event,115119_AUS_300x600.jpg,81840.00,214.00,654.10
2014-02,Austin,add,AddThis Huttoparke & Waterleaf HTBAH Austin DMA 2/12-2/22 PACKAGE,banners,2/12/2014,2/22/2014,115604,aus_htbah,HTBAH Event ,115604_AUS_160x600.jpg,159252.00,102.00,1962.46
2014-02,Austin,mobileT,Mobile Theory Huttoparke & Waterleaf HTBAH Austin DMA 2/12-2/22 PACKAGE,mobile,2/12/2014,2/22/2014,115604,aus_htbah,HTBAH Event ,AUS_1x1,52522.00,247.00,2000.00
2014-02,SoCal Coastal,add,AddThis Ridgeview at Echo Ridge Sustain Zip Targeting Display 2/1-2/28 PACKAGE,banners,2/1/2014,2/28/2014,111557,av,Q1 Sustaining - Antelope Valley,111557_160x600.jpg,63.00,0.00,0.16
2014-02,SoCal Coastal,add,AddThis Rancho Santalina Haciendas Sustain Zip Targeting Display 2/1-2/28 PACKAGE,banners,2/1/2014,2/28/2014,111557,av,Q1 Sustaining - Antelope Valley,111557_160x600.jpg,91.00,1.00,0.22
2014-02,SoCal Coastal,add,AddThis Antelope Valley Sustaining Zip Targeting Display 2/1-2/28 PACKAGE,banners,2/1/2014,2/28/2014,111557,av,Q1 Sustaining - Antelope Valley,111557_160x600.jpg,20703.00,33.00,312.51
2014-02,SoCal Coastal,LAT/Latimes,LA Times Antelope Valley Sustain Zip Target 2/1-2/28 PACKAGE,banners,2/1/2014,2/28/2014,111557,av,Q1 Sustaining - Antelope Valley,111557_300x250.jpg,18733.00,11.00,374.29
2014-02,SoCal Coastal,trulia,1Q14_SCL Sustain Coastal_Trulia_ Lancaster / Antelope Valley_Display_300x600_FEB,banners,2/1/2014,2/28/2014,113178,av,Q1 Sustaining - Antelope Valley (Updated),300x600_AntelopeValley.swf,275082.00,1227.00,4000.00
2014-02,SoCal Coastal,zillow,1Q14_SCL Sustain Coastal_Zillow_Lancast-AntValley_Display_300x600_FEB,banners,2/1/2014,2/28/2014,113178,av,Q1 Sustaining - Antelope Valley (Updated),300x600_AntelopeValley.swf,211324.00,504.00,1690.59
2014-02,SoCal Coastal,zillow,1Q14_SCL Sustain Coastal_Zillow_Lancast-AntValley_Tablet_704x70_FEB,mobile,2/1/2014,2/28/2014,110241,av,Q1 Sustaining - Antelope Valley,SCL_1x1,27182.00,262.00,326.18
2014-02,Orlando,add,AddThis Avellino  Orlando DMA Flight 2 PACKAGE,banners,2/17/2014,3/1/2014,115732,ave_go2,Avellino 2,115732_160x600_ORL.jpg,113159.00,96.00,1500.00
2014-02,Orlando,mobileT,MobileTheory Avellino  Orlando DMA Flight 2 PACKAGE,mobile,2/17/2014,3/1/2014,115732,ave_go2,Avellino 2,ORL_1x1,86860.00,410.00,2000.00
2014-02,Orlando,pulpo,Pulpo Avellino Display Orlando DMA  Flight 2 PACKAGE,banners,2/17/2014,3/1/2014,115734,ave_go2,Avellino 2,115734_160x600_ORL.jpg,37200.00,23.00,499.99
2014-02,Orlando,pulpo,Pulpo Avellino Mobile Orlando DMA Flgiht 2  PACKAGE,mobile,2/17/2014,3/1/2014,115734,ave_go2,Avellino 2,ORL_1x1,13806.00,17.00,500.00
2014-02,Bay Area,facebook,"1Q14 BAY FB Newsfeed Feb- Alameda, Contra Costa, Santa Clara, Solano, Sonoma, San Francisco, Santa Cruz, San Mateo, Napa, Marin Counties",ad,2/1/2014,2/28/2014,,bay,,,,,1807.83
2014-02,Bay Area,trulia,1Q14 BAY Trulia All Counties Display FEB,banners,2/1/2014,2/28/2014,113779,bay,Q1 Sustaining,113779_300x600.swf,485259.00,4922.00,7040.00
2014-02,Bay Area,trulia,1Q14 BAY Trulia All Counties Mobile FEB,mobile,2/1/2014,2/28/2014,113779,bay,Q1 Sustaining,113779_320x50.jpg,185049.00,485.00,2720.00
2014-02,Bay Area,zillow,1Q14 BAY Zillow All Counties Display FEB,banners,2/1/2014,2/28/2014,113779,bay,Q1 Sustaining,113779_300x600.swf,827159.00,2555.00,6600.00
2014-02,Bay Area,zillow,1Q14 BAY Zillow All Counties Mobile 320x50 FEB,mobile,2/1/2014,2/28/2014,113779,bay,Q1 Sustaining,BAY_1x1,233610.00,1974.00,4349.49
2014-02,Austin,add,AddThis Berry Creek & Creekside GO Austin DMA 2/24-3/2 PACKAGE,banners,2/24/2014,3/2/2014,115235,berry_go,Berry Creek & Creekside at George Town Village Grand Opening,115235_AUS_160x600.swf,45162.00,13.00,580.64
2014-02,Austin,millennial,Millennial Berry Creek & Creekside GO Military Target Austin DMA PACKAGE,mobile,2/24/2014,3/2/2014,115235,berry_go,Berry Creek & Creekside at George Town Village Grand Opening,AUS_1x1,13369.00,77.00,378.50
2014-02,Austin,mobileT,Mobile Theory Berry Creek & Creekside GO Austin DMA 2/24-3/2 PACKAGE,mobile,2/24/2014,3/2/2014,115235,berry_go,Berry Creek & Creekside at George Town Village Grand Opening,AUS_1x1,26560.00,133.00,750.00
2014-02,San Antonio,add,AddThis SAN Feb Sales Event - SAN DMA 2/12-2/23 PACKAGE,banners,2/12/2014,2/23/2014,115487,bib1,Feb Sales Event 1,115487_SAN_160x600.jpg,56101.00,133.00,702.80
2014-02,San Antonio,trulia,1Q14 SAN Sustain - San Antonio DMA Trulia Display 300x600 FEB,banners,2/1/2014,2/28/2014,115679,bib1,Feb Sales Event 1,115679_SAN_300x600.swf,21942.00,177.00,351.07
2014-02,San Antonio,trulia,1Q14 SAN Sustain - San Antonio DMA Trulia Tablet 320x50 FEB,mobile,2/1/2014,2/28/2014,115487,bib1,Feb Sales Event 1,115487_SAN_320x50.jpg,6222.00,7.00,62.22
2014-02,San Antonio,yahoo,1Q14 SAN Sustain - San Antonio DMA Yahoo Display Spanish 300x250 FEB,banners,2/1/2014,2/28/2014,115700,bib1,Feb Sales Event 1,115700_SAN_300x250.swf,8.00,4.00,0.04
2014-02,San Antonio,yahoo,1Q14 SAN Sustain - San Antonio DMA Yahoo Display English 300x250 FEB,banners,2/1/2014,2/28/2014,115487,bib1,Feb Sales Event 1,115487_SAN_300x250.swf,10.00,4.00,0.05
2014-02,San Antonio,yahoo,1Q14 SAN Sustain - San Antonio DMA Yahoo Mobile English 300x50 FEB,mobile,2/1/2014,2/28/2014,115487,bib1,Feb Sales Event 1,Feb Sales Week 1,22160.00,116.00,125.65
2014-02,San Antonio,zillow,1Q14 SAN Sustain - San Antonio DMA Zillow Display 300x600 FEB,banners,2/1/2014,2/28/2014,115679,bib1,Feb Sales Event 1,115679_SAN_300x600.swf,26547.00,62.00,212.38
2014-02,San Antonio,zillow,1Q14 SAN Sustain - San Antonio DMA Zillow Mobile 320x50 FEB,mobile,2/1/2014,2/28/2014,115487,bib1,Feb Sales Event 1,Feb Sales Week 1,13089.00,99.00,202.92
2014-02,San Antonio,mobileT,MobileTheory SAN Feb Sales Event - SAN DMA 2/12-2/23 PACKAGE,mobile,2/12/2014,2/23/2014,115487; 115547,bib1; bib2,Feb Sales Event 1; Feb Sales Event 2,SAN_1x1_2,23198.00,97.00,1500.00
2014-02,San Antonio,add,AddThis SAN Feb Sales Event - SAN DMA 2/12-2/23 PACKAGE,banners,2/12/2014,2/23/2014,115547,bib2,Feb Sales Event 2,115547_SAN_160x600.swf,59147.00,46.00,754.97
2014-02,San Antonio,trulia,1Q14 SAN Sustain - San Antonio DMA Trulia Display 300x600 FEB,banners,2/1/2014,2/28/2014,115547,bib2,Feb Sales Event 2,115547_SAN_300x600.swf,30119.00,262.00,481.90
2014-02,San Antonio,trulia,1Q14 SAN Sustain - San Antonio DMA Trulia Tablet 320x50 FEB,mobile,2/1/2014,2/28/2014,115547,bib2,Feb Sales Event 2,115547_SAN_320x50.jpg,8442.00,13.00,84.42
2014-02,San Antonio,yahoo,1Q14 SAN Sustain - San Antonio DMA Yahoo Display English 300x250 FEB,banners,2/1/2014,2/28/2014,115547,bib2,Feb Sales Event 2,115547_SAN_300x250.swf,2.00,2.00,0.01
2014-02,San Antonio,yahoo,1Q14 SAN Sustain - San Antonio DMA Yahoo Mobile English 300x50 FEB,mobile,2/1/2014,2/28/2014,115547,bib2,Feb Sales Event 2,Feb Sales Week 2,61856.00,245.00,359.08
2014-02,San Antonio,zillow,1Q14 SAN Sustain - San Antonio DMA Zillow Display 300x600 FEB,banners,2/1/2014,2/28/2014,115547,bib2,Feb Sales Event 2,115547_SAN_300x600.swf,28259.00,66.00,226.07
2014-02,San Antonio,zillow,1Q14 SAN Sustain - San Antonio DMA Zillow Mobile 320x50 FEB,mobile,2/1/2014,2/28/2014,115547,bib2,Feb Sales Event 2,Feb Sales Week 2,13570.00,95.00,222.91
2014-02,Phoenix,add,AddThis Main St. Casitas Phoenix DMA 1/27-2/16 PACKAGE,banners,1/27/2014,2/16/2014,114078,casitas,Main St. Casitas,114078_160x600.jpg,64288.00,300.00,800.29
2014-02,Phoenix,mobileT,Mobile Theory Main St. Casitas Phoenix DMA 1/27-2/16 PACKAGE,mobile,1/27/2014,2/16/2014,114078,casitas,Main St. Casitas,PTN_1x1,8578.00,150.00,758.27
2014-02,Raleigh,add,AddThis Cedar Bend GO Raleigh DMA PACKAGE,banners,2/17/2014,3/2/2014,115652,cedar_go,Cedar Bend Grand Opening,115652_RAL_160x600.jpg,86039.00,116.00,825.82
2014-02,Raleigh,mobileT,Mobile Theory Cedar Bend GO Raleigh DMA PACKAGE,mobile,2/17/2014,3/2/2014,115652,cedar_go,Cedar Bend Grand Opening,RAL_1x1,19157.00,113.00,1291.63
2014-02,Raleigh,sulekha,Sulekha Cedar Bend GO Raleigh DMA PACKAGE,banners,2/17/2014,3/2/2014,115652,cedar_go,Cedar Bend Grand Opening,115652_RAL_728x90.jpg,161786.00,542.00,971.29
2014-02,Raleigh,add,AddThis Clayton County Raleigh DMA 2/10-3/2 PACKAGE,banners,2/10/2014,3/2/2014,115573,clayton,Clayton,115573_RAL_160x600.jpg,6.00,0.00,2379.39
2014-02,Raleigh,mobileT,Mobile Theory Clayton County Raleigh DMA 2/10-3/2 PACKAGE,mobile,2/10/2014,3/2/2014,115573,clayton,Clayton,RAL_1x1,121079.00,1917.00,2000.00
2014-02,Denver,centro,1Q14 COL Denver DMA Sustain DenverPost.Com (Centro) Mobile FEB PACKAGE,mobile,2/1/2014,2/28/2014,113744,co,Q1 Sustaining,COL_1x1,58422.00,89.00,1362.00
2014-02,Denver,facebook,1Q14 COL FB Newsfeed Feb- Denver DMA,ad,2/1/2014,2/28/2014,,co,Q1 Sustaining,Facebook,132523.00,1287.00,1448.48
2014-02,Denver,trulia,"1Q14 COL Adams, Arapahoe, Denver, Jefferson and Weld Counties Sustain Trulia Display 300x600 FEB",banners,2/1/2014,2/28/2014,113744,co,Q1 Sustaining,113744_300x600.swf,180911.00,1210.00,2630.90
2014-02,Denver,trulia,"1Q14 COL Adams, Arapahoe, Denver, Jefferson and Weld Counties Sustain Trulia Mobile 320x50 FEB",mobile,2/1/2014,2/28/2014,113744,co,Q1 Sustaining,113744_320x50.jpg,43007.00,68.00,590.49
2014-02,Denver,yahoo,1Q14 COL Target Colorado State Sustain Yahoo Display 300x250 FEB,banners,2/1/2014,2/28/2014,113744,co,Q1 Sustaining,113744_300x250.jpg,66.00,0.00,360.14
2014-02,Denver,yahoo,1Q14 COL Target Colorado State Sustain Yahoo Tablet 300x250 FEB,mobile,2/1/2014,2/28/2014,113744,co,Q1 Sustaining,COL_1x1,81476.00,183.00,407.35
2014-02,Denver,yahoo,1Q14 COL Target Colorado State Sustain Yahoo Mobile 300x50 FEB,mobile,2/1/2014,2/28/2014,113744,co,Q1 Sustaining,COL_1x1,491202.00,1768.00,2456.00
2014-02,Denver,zillow,"1Q14 COL Adams, Arapahoe, Denver, Jefferson and Weld Display 300x600 FEB",banners,2/1/2014,2/28/2014,113744,co,Q1 Sustaining,113744_300x600.swf,381155.00,597.00,3048.46
2014-02,Denver,zillow,"1Q14 COL Adams, Arapahoe, Denver,  Jefferson and Weld Mobile 320x50 FEB",mobile,2/1/2014,2/28/2014,113744,co,Q1 Sustaining,COL_1x1,146839.00,906.00,2684.11
2014-02,Tampa,add,AddThis Cypress Creek Tampa DMA 1/31-2/14 PACKAGE,banners,1/31/2014,2/14/2014,115175,cypress_HNY,Cypress Creek,115175_160x600.jpg,175955.00,397.00,2325.27
2014-02,Tampa,mobileT,Mobile Theory Cypress Creek Tampa DMA 1/31-2/14 PACKAGE,mobile,1/31/2014,2/14/2014,115175,cypress_HNY,Cypress Creek,TAM_1x1,28726.00,487.00,2307.34
2014-02,Dallas,facebook,1Q14 HAD Dallas FB Newsfeed Feb- Dallas DMA,ad,2/1/2014,2/28/2014,,dal ,Q1 Sustaining,Facebook,33733.00,424.00,368.70
2014-02,Dallas,trulia,1Q14 HAD Sustain Dallas DMA Trulia Display 300x600 FEB,banners,2/1/2014,2/28/2014,113576,dal ,Q1 Sustaining,113576_300x600.jpg,108181.00,909.00,1571.36
2014-02,Dallas,trulia,1Q14 HAD Sustain Dallas DMA Trulia Mobile 320x50 FEB,mobile,2/1/2014,2/28/2014,113576,dal ,Q1 Sustaining,113576_320x50.jpg,100753.00,152.00,1254.16
2014-02,Dallas,yahoo,1Q14 Yahoo Dallas DMA Display 300x250 FEB,banners,2/1/2014,2/28/2014,113576,dal ,Q1 Sustaining,113576_300x250.jpg,325360.00,436.00,1665.84
2014-02,SoCal Coastal,add,AddThis Dawn Creek GO Zip Targeting Display 1/13-2/9 PACKAGE,banners,1/13/2014,2/9/2014,114962,dawn ,Dawn Creek Sustain,114962_160x600.jpg,18618.00,27.00,325.47
2014-02,SoCal Coastal,add,AddThis Antelope Valley Sustaining Zip Targeting Display 2/1-2/28 PACKAGE,banners,2/1/2014,2/28/2014,114962,dawn ,Dawn Creek Sustain,114962_160x600.jpg,20776.00,44.00,312.12
2014-02,SoCal Coastal,LAT/Latimes,LA Times Dawn Creek GO Zip Target 1/13-2/9 PACKAGE,banners,1/13/2014,2/9/2014,114962,dawn ,Dawn Creek Sustain,114962_728x90.jpg,11434.00,13.00,244.41
2014-02,SoCal Coastal,LAT/Latimes,LA Times Antelope Valley Sustain Zip Target 2/1-2/28 PACKAGE,banners,2/1/2014,2/28/2014,114962,dawn ,Dawn Creek Sustain,114962_728x90.jpg,18630.00,31.00,372.77
2014-02,Daytona,trulia,1Q14 JAX Sustain Daytona DMA Trulia Display 300x600 FEB,banners,2/1/2014,2/28/2014,113585,day,Q1 Sustaining,113585_300x600_Q1.swf,73685.00,732.00,1066.96
2014-02,Daytona,trulia,1Q14 JAX Sustain Daytona DMA Trulia Tablet 320x50 FEB,mobile,2/1/2014,2/28/2014,113585,day,Q1 Sustaining,113585_320x50.jpg,11445.00,22.00,103.63
2014-02,Daytona,zillow,1Q14 JAX Sustain Daytona DMA Zillow Mobile 320x50 FEB,mobile,2/1/2014,2/28/2014,113585,day,Q1 Sustaining,JAX_1x1,77477.00,608.00,1332.49
2014-02,Metro DC,linked,"1Q14 MDC Wash DC LinkedIn Government, Medical, High Tech",banners,12/1/2013,2/28/2014,113806,dc,Q1 Sustaining Linked In - Tech,113806_300x250 new.jpg,8017.00,2.00,315.77
2014-02,Metro DC,linked,1Q14 MDC Wash DC LinkedIn Real Estate,banners,12/1/2013,2/28/2014,113804,dc,Q1 Sustaining Linked In - Real Estate ,113804_300x250.jpg,17260.00,6.00,314.13
2014-02,Metro DC,moasis,1Q14 Moasis MDC Sustain Gov Employees MDC DMA 12/1-2/28 PACKAGE,mobile,12/3/2013,2/28/2014,113638,dc,Q1 Sustaining,Sustain,281.00,0.00,175.43
2014-02,Metro DC,trulia,1Q14 MDC Sustain Trulia Display  Wash DC DMA  2/1-2/28 300x600,banners,2/1/2014,2/28/2014,113638,dc,Q1 Sustaining,300x600_DC.swf,89385.00,836.00,1137.74
2014-02,Metro DC,trulia,1Q14 MDC Sustain Trulia Mobile  Wash DC DMA 2/1-2/28 320x50,mobile,2/1/2014,2/28/2014,113638,dc,Q1 Sustaining,113638_320x50.jpg,17853.00,28.00,271.40
2014-02,Metro DC,yahoo,1Q14 MDC Sustain Yahoo Display  Wash DC DMA 2/1-2/28 160x600,banners,2/1/2014,2/28/2014,113638,dc,Q1 Sustaining,113638_160x600.jpg,60284.00,204.00,245.96
2014-02,Metro DC,yahoo,1Q14 MDC Sustain Yahoo Mobile Wash DC DMA 2/1-2/28 300x50,mobile,2/1/2014,2/28/2014,113638,dc,Q1 Sustaining,Sustain,150597.00,868.00,956.36
2014-02,Metro DC,zillow,1Q14 MDC Sustain Zillow Display Wash DC DMA 2/1-2/28 300x600,banners,2/1/2014,2/28/2014,113638,dc,Q1 Sustaining,300x600_DC.swf,90775.00,280.00,725.31
2014-02,Metro DC,zillow,1Q14 MDC Sustain Zillow Mobile Wash DC DMA 2/1-2/28 320x50,mobile,2/1/2014,2/28/2014,113638,dc,Q1 Sustaining,Sustain,31645.00,213.00,671.78
2014-02,Metro DC,trulia,1Q14 MDC Sustain Trulia Display  Wash DC DMA  2/1-2/28 300x600,banners,2/1/2014,2/28/2014,115141,dc_bds2,Super Spec Event (Big Deal Sale),115141_BDS_300x600.jpg,3882.00,22.00,62.11
2014-02,Metro DC,trulia,1Q14 MDC Sustain Trulia Mobile  Wash DC DMA 2/1-2/28 320x50,mobile,2/1/2014,2/28/2014,115141,dc_bds2,Super Spec Event (Big Deal Sale),115141_320x50.jpg,829.00,1.00,14.58
2014-02,Metro DC,yahoo,1Q14 MDC Sustain Yahoo Display  Wash DC DMA 2/1-2/28 160x600,banners,2/1/2014,2/28/2014,115141,dc_bds2,Super Spec Event (Big Deal Sale),115141_BDS_160x600.jpg,4168.00,9.00,17.01
2014-02,Metro DC,zillow,1Q14 MDC Sustain Zillow Display Wash DC DMA 2/1-2/28 300x600,banners,2/1/2014,2/28/2014,115141,dc_bds2,Super Spec Event (Big Deal Sale),115141_BDS_300x600.jpg,2244.00,3.00,17.95
2014-02,Metro DC,add,AddThis MDC Quick Move-In - Wash DC DMA 2/3-2/15 PACKAGE,banners,2/3/2014,2/15/2014,115243,dc_qmi,QMI,115243_160x600.jpg,107373.00,55.00,1500.00
2014-02,Metro DC,mobileT,MobileTheory MDC Quick Move-In - Wash DC DMA 2/3-2/15 PACKAGE,mobile,2/3/2014,2/15/2014,115243; 115092; 115255,dc_qmi,QMI,MDC_1x1,4287.00,51.00,1500.00
2014-02,Metro DC,trulia,1Q14 MDC Sustain Trulia Display  Wash DC DMA  2/1-2/28 300x600,banners,2/1/2014,2/28/2014,115092,dc_qmi,QMI,115092_300x600.jpg,93801.00,684.00,1500.82
2014-02,Metro DC,trulia,1Q14 MDC Sustain Trulia Mobile  Wash DC DMA 2/1-2/28 320x50,mobile,2/1/2014,2/28/2014,115092,dc_qmi,QMI,115092_320x50.gif,18848.00,23.00,205.66
2014-02,Metro DC,yahoo,1Q14 MDC Sustain Yahoo Display  Wash DC DMA 2/1-2/28 160x600,banners,2/1/2014,2/28/2014,115092,dc_qmi,QMI,115092_160x600.jpg,62088.00,171.00,253.32
2014-02,Metro DC,yahoo,1Q14 MDC Sustain Yahoo Mobile Wash DC DMA 2/1-2/28 300x50,mobile,2/1/2014,2/28/2014,115243; 115092; 115255,dc_qmi,QMI,Quick Move-In Sales Event,57478.00,255.00,425.58
2014-02,Metro DC,zillow,1Q14 MDC Sustain Zillow Display Wash DC DMA 2/1-2/28 300x600,banners,2/1/2014,2/28/2014,115092,dc_qmi,QMI,115092_300x600.jpg,144802.00,243.00,1158.42
2014-02,Metro DC,zillow,1Q14 MDC Sustain Zillow Mobile Wash DC DMA 2/1-2/28 320x50,mobile,2/1/2014,2/28/2014,115243; 115092; 115255,dc_qmi,QMI,Quick Move-In Sales Event,46701.00,287.00,1059.29
2014-02,Metro DC,add,AddThis MDC Indian Targeting - Wash DC DMA 1/27-2/28 PACKAGE,banners,1/27/2014,2/28/2014,115241,dc_targeting,Indian Targeting,115241_160x600.jpg,111709.00,195.00,1750.29
2014-02,Phoenix,millennial,Millennial Desert Passage & Trailside Point Phoenix DMA 2/17-3/2 PACKAGE,mobile,2/17/2014,3/2/2014,115252,desert_go,Desert Passage Grand Openings ,PTN_1x1_2,1453.00,3.00,1896.13
2014-02,Central California,add,AddThis Amelia's Park/Morning View Sacramento DMA 2/3-2/16 PACKAGE,banners,2/3/2014,2/16/2014,115095,elk,Amelia's Park/Morningview (Elk Grove),115095_SAC_160x600.jpg,79633.00,194.00,980.00
2014-02,Central California,mobileT,Mobile Theory Amelia's Park/Mornving View Sacramento DMA 2/3-2/16 PACKAGE,mobile,2/3/2014,2/16/2014,115095,elk,Amelia's Park/Morningview (Elk Grove),SAC_1x1,3543.00,63.00,990.00
2014-02,Central California,sulekha,Sulekha Amelia's Park/Morning View Sacramento DMA 2/3-2/16 PACKAGE,banners,2/3/2014,2/16/2014,115095,elk,Amelia's Park/Morningview (Elk Grove),115095_SAC_728x90.jpg,181988.00,816.00,983.10
2014-02,Tampa,add,AddThis Emerald Oaks Tampa DMA 1/31-2/14 PACKAGE,banners,1/31/2014,2/14/2014,115172,emerald_qmi,Emerald Oaks,115172_160x600.swf,139605.00,65.00,1863.25
2014-02,Tampa,mobileT,Mobile Theory Emerald Oaks Tampa DMA 1/31-2/14 PACKAGE,mobile,1/31/2014,2/14/2014,115172,emerald_qmi,Emerald Oaks,TAM_1x1,31715.00,523.00,2307.74
2014-02,Orlando,add,AddThis Etowah GO Orlando DMA PACKAGE,banners,2/10/2014,2/22/2014,114076,etowah_go,Etowah Grand Opening,114076_160x600.jpg,111060.00,138.00,1499.99
2014-02,Orlando,mobileT,MobileTheory Etowah GO Orlando DMA PACKAGE,mobile,2/10/2014,2/22/2014,115110,etowah_go,Etowah Grand Opening,ORL_1x1,38685.00,176.00,1499.99
2014-02,SoCal Inland,add,AddThis SCL Inland - The Enclave - LA Zip DMA 2/1-2/28 PACKAGE,banners,2/1/2014,2/28/2014,114331,fha,FHA ,114331_banner_300x250.jpg,121.00,0.00,0.30
2014-02,Houston,add,AddThis Tour 18/Wedgewood/Waterstone/Canterbury GO Houston DMA PACKAGE,banners,2/3/2014,2/22/2014,114860,four_go,Four Communities Grand Opening,114860_160x600.jpg,62016.00,142.00,671.05
2014-02,Houston,mobileT,MobileTheory Tour 18/Wedgewood/Waterstone/Canterbury GO Houston DMA PACKAGE,mobile,2/3/2014,2/22/2014,114860,four_go,Four Communities Grand Opening,Grand Opening,21003.00,80.00,2500.00
2014-02,Houston,add,AddThis Tour 18/Wedgewood/Waterstone/Canterbury GO Houston DMA PACKAGE,banners,2/3/2014,2/22/2014,115422,four_sp,Four Communities Sneek Peek,115422_HOU_160x600.swf,162491.00,302.00,1828.37
2014-02,Metro DC,add,AddThis MDC Indian Targeting - Wash DC DMA 1/27-2/28 PACKAGE,banners,1/27/2014,2/28/2014,113962,fox,Fox Hunt GO,113962_160x600.jpg,2.00,0.00,0.03
2014-02,Metro DC,moasis,1Q14 Moasis MDC Sustain Gov Employees MDC DMA 12/1-2/28 PACKAGE,mobile,12/3/2013,2/28/2014,113962; 115090,fox; fox_go,Fox Hunt GO; Fox Hunt REVISED,Fox Hunt Grand Opening,159.00,0.00,522.42
2014-02,Metro DC,add,AddThis MDC Fox Hunt GO - Wash DC DMA 1/27-2/8 PACKAGE,banners,1/27/2014,2/8/2014,115090,fox_go,Fox Hunt GO REVISED,115090_160x600.jpg,7.00,0.00,0.06
2014-02,Metro DC,sulekha,Sulekha MDC Fox Hunt - Wash DC DMA 12/30-2/8PACKAGE,banners,12/30/2013,2/8/2014,115090,fox_go,Fox Hunt GO REVISED,115090_300x250.jpg,4.00,0.00,0.02
2014-02,Metro DC,trulia,1Q14 MDC Sustain Trulia Display  Wash DC DMA  2/1-2/28 300x600,banners,2/1/2014,2/28/2014,115090,fox_go,Fox Hunt GO REVISED,115090_300x600.jpg,12708.00,145.00,203.33
2014-02,Metro DC,trulia,1Q14 MDC Sustain Trulia Mobile  Wash DC DMA 2/1-2/28 320x50,mobile,2/1/2014,2/28/2014,115090,fox_go,Fox Hunt GO REVISED,115090_320x50.gif,2638.00,5.00,53.74
2014-02,Metro DC,yahoo,1Q14 MDC Sustain Yahoo Display  Wash DC DMA 2/1-2/28 160x600,banners,2/1/2014,2/28/2014,115090,fox_go,Fox Hunt GO REVISED,115090_160x600.jpg,12787.00,33.00,52.17
2014-02,Metro DC,zillow,1Q14 MDC Sustain Zillow Display Wash DC DMA 2/1-2/28 300x600,banners,2/1/2014,2/28/2014,115090,fox_go,Fox Hunt GO REVISED,115090_300x600.jpg,22290.00,73.00,178.32
2014-02,Austin,add,AddThis Parside at Harris Ranch Re-Grand Opening Austin DMA 1/27-2/8 PACKAGE,banners,1/27/2014,2/8/2014,114932,harrisb,Parkide at Harris Branch,114932_160x600.jpg,78690.00,292.00,988.42
2014-02,Austin,mobileT,Mobile Theory Parkside at Harris Ranch Re-Grand Opening Austin DMA 1/27-2/8 PACKAGE,mobile,1/27/2014,2/8/2014,114932,harrisb,Parkide at Harris Branch,AUS_1x1,44003.00,378.00,808.02
2014-02,Houston,facebook,1Q14 HAD Houston FB Newsfeed Feb- Houston DMA,ad,2/1/2014,2/28/2014,,hou ,Q1 Sustaining,Facebook,4450.00,109.00,325.87
2014-02,Houston,linked,1Q14 HAD Houston & Dallas LinkedIn Real Estate,banners,12/1/2013,2/28/2014,113628,hou ,Q1 Sustaining  Linked In - Real Estate,113628_300x250.jpg,17267.00,15.00,314.26
2014-02,Houston,linked,"1Q14 HAD Houston & Dallas LinkedIn Military, Oil & Energy, High Tech",banners,12/1/2013,2/28/2014,113640,hou ,Q1 Sustaining Linked In - Military Oil Energy & High Tech,113640_300x250.jpg,16325.00,9.00,316.70
2014-02,Houston,trulia,1Q14 HAD Sustain Houston DMA Trulia Display 300x600 FEB,banners,2/1/2014,2/28/2014,113575,hou ,Q1 Sustaining,113575_300x600.jpg,246404.00,1604.00,3582.30
2014-02,Houston,trulia,1Q14 HAD Sustain Houston DMA Trulia Tablet 320x50 FEB,mobile,2/1/2014,2/28/2014,113575,hou ,Q1 Sustaining,113575_320x50.jpg,43991.00,51.00,399.89
2014-02,Houston,trulia,1Q14 HAD Sustain Houston DMA Trulia Mobile 320x50 FEB,mobile,2/1/2014,2/28/2014,113575,hou ,Q1 Sustaining,113575_320x50.jpg,82212.00,237.00,1146.85
2014-02,Houston,yahoo,1Q14 Yahoo Houston DMA Display 300x250 FEB,banners,2/1/2014,2/28/2014,113575,hou ,Q1 Sustaining,113575_300x250.jpg,303833.00,408.00,1555.62
2014-02,Raleigh,add,AddThis Home Studio + HTBAH Event Raleigh DMA 1/20-2/5 PACKAGE,banners,1/20/2014,2/5/2014,114140,inventory,Inventory Sales Event,114140_160x600.jpg,45.00,0.00,0.37
2014-02,Raleigh,add,AddThis Clayton County Raleigh DMA 2/10-3/2 PACKAGE,banners,2/10/2014,3/2/2014,114140,inventory,Inventory Sales Event,114140_160x600.jpg,29.00,0.00,1.64
2014-02,Jacksonville,linked,"1Q14 JAX Jacksonville & Daytona LinkedIn Military, Medical",banners,12/1/2013,2/28/2014,113645,jax,"Q1 Sustaining - Military, Medical",113645_1206-NTT_300x250.jpg,16247.00,12.00,315.19
2014-02,Jacksonville,linked,1Q14 JAX Jacksonville & Daytona LinkedIn Real Estate,banners,12/1/2013,2/28/2014,114681,jax,Q1 Sustaining - Real Estate Feb,114681_300x250.jpg,17434.00,20.00,317.30
2014-02,Jacksonville,trulia,1Q14 JAX Sustain Jacksonville DMA Trulia Display 300x600 FEB,banners,2/1/2014,2/28/2014,113582,jax,Q1 Sustaining,113582_300x600.swf,178957.00,1579.00,2589.81
2014-02,Jacksonville,trulia,1Q14 JAX Sustain Jacksonville DMA Trulia Tablet 320x50 FEB,mobile,2/1/2014,2/28/2014,113582,jax,Q1 Sustaining,114516_320x50.jpg,1147.00,0.00,304.00
2014-02,Jacksonville,zillow,1Q14 JAX Sustain Jacksonville DMA Zillow Mobile 320x50 FEB,mobile,2/1/2014,2/28/2014,113582,jax,Q1 Sustaining,JAX_1x1,73442.00,578.00,1277.00
2014-02,Daytona,add,AddThis Big Deal Sale JAX/DAYTONA DMA 1/24-2/1 PACKAGE,banners,1/24/2014,2/1/2014,114516,jax_HNY,Big Deal Sale (Happy Now Year),114516_160x600.swf,93589.00,206.00,513.16
2014-02,Jacksonville,trulia,1Q14 JAX Sustain Jacksonville DMA Trulia Display 300x600 FEB,banners,2/1/2014,2/28/2014,114516,jax_HNY,Big Deal Sale (Happy Now Year),114516_300x600.swf,7137.00,41.00,160.83
2014-02,Daytona,trulia,1Q14 JAX Sustain Daytona DMA Trulia Tablet 320x50 FEB,mobile,2/1/2014,2/28/2014,114516,jax_HNY,Big Deal Sale (Happy Now Year),114516_320x50.jpg,437.00,0.00,4.37
2014-02,Jacksonville,zillow,1Q14 JAX Sustain West Palm Beach Zillow Display 300x600 FEB,banners,2/1/2014,2/28/2014,114516,jax_HNY,Big Deal Sale (Happy Now Year),114516_300x600.swf,4539.00,11.00,36.31
2014-02,Raleigh,add,AddThis Fuquay-Varina Community Support Raleigh DMA 2/17-3/2 PACKAGE,banners,2/17/2014,3/2/2014,115571,lakestone,Lakestone,115571_RAL_160x600.jpg,97077.00,151.00,1357.17
2014-02,Raleigh,mobileT,Mobile Theory Fuquay-Varina Community Support Raleigh DMA 2/17-3/2 PACKAGE,mobile,2/17/2014,3/2/2014,115571,lakestone,Lakestone,RAL_1x1,41667.00,352.00,1500.01
2014-02,Las Vegas,zillow,1Q14 LVS Sustain Zillow Mobile Las Vegas DMA 2/1-2/28 320x50,mobile,2/1/2014,2/28/2014,113619,lv,Q1 Sustaining,LVS_1x1_2,58305.00,476.00,1012.08
2014-02,Las Vegas,add,AddThis LVS Big Deal Sale- LVS DMA PACKAGE,banners,2/17/2014,2/28/2014,115179,lv_bds,Big Deal Sale,115179_160x600.jpg,86992.00,150.00,1371.75
2014-02,Las Vegas,mobileT,MobileTheory LVS Big Deal Sale - LVS DMA PACKAGE,mobile,2/17/2014,2/28/2014,115179,lv_bds,Big Deal Sale,LVS_1x1,52683.00,228.00,1187.50
2014-02,Las Vegas,trulia,1Q14 LVS Sustain Trulia Display Las Vegas DMA 2/1-2/28 300x600,banners,2/1/2014,2/28/2014,115179,lv_bds,Big Deal Sale,115179_300x600.jpg,67529.00,688.00,981.52
2014-02,Las Vegas,trulia,1Q14 LVS Sustain Trulia Mobile Las Vegas DMA 2/1-2/28 320x50,mobile,2/1/2014,2/28/2014,115179,lv_bds,Big Deal Sale,115179_320x50.gif,38325.00,126.00,613.15
2014-02,Las Vegas,zillow,1Q14 LVS Sustain Zillow Display Las Vegas DMA 2/1-2/28 300x600,banners,2/1/2014,2/28/2014,115179,lv_bds,Big Deal Sale,115179_300x600.jpg,180039.00,499.00,1440.00
2014-02,SoCal Inland,add,AddThis SCL Inland - Mahogany Hills GO - LA Zip DMA 2/10-3/10 PACKAGE,banners,2/10/2014,3/10/2014,115263,mahogany_go,Mahogany Hills Grand Opening,115263_160x600_SOCAL.jpg,9742.00,12.00,1197.53
2014-02,Central California,add,AddThis Marquee Sacramento DMA 1/20-2/2 PACKAGE,banners,1/20/2014,2/2/2014,114909,marquee,Marquee (Fair Oaks),114909_160x600.jpg,15433.00,50.00,98.05
2014-02,Tucson,trulia,1Q14 PTN Sustain - Tuscon DMA - Trulia Display 300x600 FEB,banners,2/1/2014,3/2/2014,113845,nm,Q1 Sustaining,113845_300x600.jpg,27415.00,314.00,422.40
2014-02,Tucson,trulia,1Q14 PTN Sustain - Tuscon DMA - Trulia Tablet 320x50 FEB,mobile,2/1/2014,3/2/2014,113845,nm,Q1 Sustaining,113845_320x50.jpg,10182.00,11.00,147.00
2014-02,Albuquerque,zillow,1Q14 PTN Sustain - New Mexico Albuquerque DMA - Zillow Display 300x600 FEB,banners,2/1/2014,3/2/2014,113845,nm,Q1 Sustaining,New Mexico_300x600.swf,227284.00,451.00,1818.27
2014-02,Tucson,zillow,1Q14 PTN Sustain - Tuscon DMA - Zillow Display 300x600 FEB,banners,2/1/2014,3/2/2014,113845,nm,Q1 Sustaining,113845_300x600.jpg,189319.00,441.00,1514.55
2014-02,SoCal Coastal,trulia,1Q14_SCL Sustain Coastal_Trulia_ Orange County_Display_300x600_FEB,banners,2/1/2014,2/28/2014,113177,oc,Q1 Sustaining - Orange County (Updated),300x600_OrangeCounty.swf,275084.00,1496.00,4000.00
2014-02,SoCal Coastal,zillow,1Q14_SCL Sustain Coastal_Zillow_OrangeCounty_Display_300x600_FEB,banners,2/1/2014,2/28/2014,113177,oc,Q1 Sustaining - Orange County (Updated),300x600_OrangeCounty.swf,243469.00,460.00,1946.66
2014-02,SoCal Coastal,zillow,1Q14_SCL Sustain Coastal_Zillow_OrangeCounty_Tablet_704x70_FEB,mobile,2/1/2014,2/28/2014,108957,oc,Q1 Sustaining - Orange County ,SCL_1x1,30473.00,305.00,365.68
2014-02,Orlando,facebook,1Q14 ORL FB Newsfeed Feb- Orlando DMA,ad,2/1/2014,2/28/2014,,orl ,Q1 Sustaining,Facebook,2793.00,33.00,1036.81
2014-02,Orlando,greystripe,1Q14 ORL Cross Device Targeting Orlando DMA PACKAGE FEB,banners,2/1/2014,2/28/2014,113636,orl ,Q1 Sustaining,113636_160x600.swf,11970.00,14.00,1669.14
2014-02,Austin,linked,"1Q14 AUS LinkedIn Military, High Tech",banners,12/1/2013,2/28/2014,113654,orl ,Q1 Sustaining Linked In - Real Estate,113654_300x250.jpg,2.00,0.00,0.04
2014-02,Austin,linked,1Q14 AUS LinkedIn Real Estate,banners,12/1/2013,2/28/2014,113654,orl ,Q1 Sustaining Linked In - Real Estate,113654_300x250.jpg,2.00,0.00,0.04
2014-02,Houston,linked,"1Q14 HAD Houston & Dallas LinkedIn Military, Oil & Energy, High Tech",banners,12/1/2013,2/28/2014,113654,orl ,Q1 Sustaining Linked In - Real Estate,113654_300x250.jpg,2.00,0.00,0.04
2014-02,Houston,linked,1Q14 HAD Houston & Dallas LinkedIn Real Estate,banners,12/1/2013,2/28/2014,113654,orl ,Q1 Sustaining Linked In - Real Estate,113654_300x250.jpg,2.00,0.00,0.04
2014-02,Jacksonville,linked,"1Q14 JAX Jacksonville & Daytona LinkedIn Military, Medical",banners,12/1/2013,2/28/2014,113654,orl ,Q1 Sustaining Linked In - Real Estate,113654_300x250.jpg,2.00,0.00,0.04
2014-02,Jacksonville,linked,1Q14 JAX Jacksonville & Daytona LinkedIn Real Estate,banners,12/1/2013,2/28/2014,113654,orl ,Q1 Sustaining Linked In - Real Estate,113654_300x250.jpg,2.00,0.00,0.04
2014-02,Metro DC,linked,1Q14 MDC Wash DC LinkedIn Real Estate,banners,12/1/2013,2/28/2014,113654,orl ,Q1 Sustaining Linked In - Real Estate,113654_300x250.jpg,2.00,0.00,0.04
2014-02,Metro DC,linked,"1Q14 MDC Wash DC LinkedIn Government, Medical, High Tech",banners,12/1/2013,2/28/2014,113654,orl ,Q1 Sustaining Linked In - Real Estate,113654_300x250.jpg,58.00,0.00,1.13
2014-02,Orlando,linked,"1Q14 ORL LinkedIn Medical, hospitality and service industries",banners,12/1/2013,2/28/2014,113654,orl ,Q1 Sustaining Linked In - Real Estate,113654_300x250.jpg,2.00,0.00,0.04
2014-02,Orlando,linked,1Q14 ORL LinkedIn Real Estate,banners,12/1/2013,2/28/2014,113654,orl ,Q1 Sustaining Linked In - Real Estate,113654_300x250.jpg,17327.00,5.00,315.35
2014-02,Orlando,linked,"1Q14 ORL LinkedIn Medical, hospitality and service industries",banners,12/1/2013,2/28/2014,113655,orl ,Q1 Sustaining Linked In - Medical,113655_300x250.jpg,20106.00,6.00,390.06
2014-02,Raleigh,linked,"1Q14 RAL LinkedIn Medical, Public Sector (Teachers, Firemen, Police)",banners,12/1/2013,2/28/2014,113654,orl ,Q1 Sustaining Linked In - Real Estate,113654_300x250.jpg,2.00,0.00,0.04
2014-02,Raleigh,linked,1Q14 RAL LinkedIn Real Estate,banners,12/1/2013,2/28/2014,113654,orl ,Q1 Sustaining Linked In - Real Estate,113654_300x250.jpg,2.00,0.00,0.04
2014-02,San Antonio,linked,"1Q14 SAN LinkedIn Military, Oil & Energy, Government Employees",banners,12/1/2013,2/28/2014,113654,orl ,Q1 Sustaining Linked In - Real Estate,113654_300x250.jpg,2.00,0.00,0.04
2014-02,San Antonio,linked,1Q14 SAN LinkedIn Real Estate,banners,12/1/2013,2/28/2014,113654,orl ,Q1 Sustaining Linked In - Real Estate,113654_300x250.jpg,2.00,0.00,0.04
2014-02,Tampa,linked,"1Q14 TAM LinkedIn Military, Medical",banners,12/1/2013,2/28/2014,113654,orl ,Q1 Sustaining Linked In - Real Estate,113654_300x250.jpg,2.00,0.00,0.04
2014-02,Tampa,linked,1Q14 TAM LinkedIn Real Estate,banners,12/1/2013,2/28/2014,113654,orl ,Q1 Sustaining Linked In - Real Estate,113654_300x250.jpg,2.00,0.00,0.04
2014-02,Orlando,trulia,1Q14 ORL Sustain Orlando DMA Trulia Display 2/1-2/28 300x600,banners,2/1/2014,2/28/2014,113636,orl ,Q1 Sustaining,113636_300x600.swf,261471.00,2940.00,3801.60
2014-02,Orlando,trulia,1Q14 ORL Sustain Orlando DMA Trulia Mobile 2/1-2/28 320x50,mobile,2/1/2014,2/28/2014,113636,orl ,Q1 Sustaining,113636_320x50.jpg,45338.00,165.00,572.00
2014-02,Orlando,zillow,1Q14 ORL Sustain Orlando DMA Zillow Display 2/1-2/28 300x600,banners,2/1/2014,2/28/2014,113636,orl ,Q1 Sustaining,113636_300x600.swf,333441.00,845.00,2666.66
2014-02,Orlando,zillow,1Q14 ORL Sustain Orlando DMA Zillow Mobile 2/1-2/28 320x50,mobile,2/1/2014,2/28/2014,113636,orl ,Q1 Sustaining,ORL_1x1,134333.00,1156.00,2525.95
2014-02,Orlando,add,AddThis Overlook at Vista GO Orlando DMA PACKAGE,banners,1/27/2014,2/8/2014,115285,overlook_go,Overlook at Vista Grande Grand Opening,115285_160x600.jpg,63886.00,205.00,872.18
2014-02,Orlando,mobileT,MobileTheory Overlook at Vista GO Orlando DMA PACKAGE,mobile,1/27/2014,2/8/2014,115285,overlook_go,Overlook at Vista Grande Grand Opening,ORL_1x1,64354.00,237.00,783.46
2014-02,Orlando,pulpo,Pulpo Overlook at Vista GO Orlando DMA Display PACKAGE,banners,1/27/2014,2/8/2014,115286,overlook_go,Overlook at Vista Grande Grand Opening,115286_160x600.jpg,13846.00,26.00,246.03
2014-02,Orlando,pulpo,Pulpo Overlook at Vista GO Orlando DMA Mobile PACKAGE,mobile,1/27/2014,2/8/2014,115286,overlook_go,Overlook at Vista Grande Grand Opening,ORL_1x1,5885.00,26.00,217.58
2014-02,Denver,add,AddThis Parkside Villas Denver DMA 2/3-2/23 PACKAGE,banners,2/3/2014,2/23/2014,115080,parkside,Underperforming Community: Parkside Villas,115080_160x600.swf,74057.00,12.00,979.80
2014-02,Denver,millennial,Millennial Parkside Villas Denver DMA Chinese Lang 2/3-2/23 PACKAGE,mobile,2/3/2014,2/23/2014,115080,parkside,Underperforming Community: Parkside Villas,COL_1x1,1038.00,2.00,447.40
2014-02,Denver,millennial,Millennial Parkside Villas Denver DMA Spanish Lang 2/3-2/23 PACKAGE,mobile,2/3/2014,2/23/2014,115082,parkside,Underperforming Community: Parkside Villas,COL_1x1,6606.00,32.00,458.75
2014-02,Denver,mobileT,Mobile Theory Parkside Villas Denver DMA 2/3-2/23 PACKAGE,mobile,2/3/2014,2/23/2014,115080,parkside,Underperforming Community: Parkside Villas,COL_1x1,29407.00,96.00,990.00
2014-02,Denver,sulekha,Sulekha Parkside Villas Denver DMA ROS Banners 2/3-2/23 PACKAGE,banners,2/3/2014,2/23/2014,115080,parkside,Underperforming Community: Parkside Villas,115080_728x90.swf,173127.00,962.00,983.10
2014-02,Phoenix,add,AddThis Desert Passage & Trailside Point Phoenix DMA 2/17-3/2 PACKAGE,banners,2/17/2014,3/2/2014,113844,phx,Q1 Sustaining,113844_300x250.jpg,2.00,0.00,0.01
2014-02,Phoenix,zillow,1Q14 PTN Sustain - Phoenix DMA - Zillow Mobile 320x50 FEB,mobile,2/1/2014,3/2/2014,113844,phx,Q1 Sustaining,PTN_1x1,59960.00,386.00,925.27
2014-02,Phoenix,trulia,1Q14 PTN Sustain - Phoenix DMA - Trulia Display 300x600 FEB,banners,2/1/2014,3/2/2014,115314,phx_go,New Communities Grand Opening,115314_PHX_300x600.jpg,38887.00,298.00,575.70
2014-02,Phoenix,trulia,1Q14 PTN Sustain - Phoenix DMA - Trulia Mobile 320x50 FEB,mobile,2/1/2014,3/2/2014,115314,phx_go,New Communities Grand Opening,115314_PHX_320x50.jpg,19951.00,31.00,281.40
2014-02,Phoenix,zillow,1Q14 PTN Sustain - Phoenix DMA - Zillow Display 300x600 FEB,banners,2/1/2014,3/2/2014,115314,phx_go,New Communities Grand Opening,115314_PHX_300x600.jpg,212520.00,529.00,1700.16
2014-02,Phoenix,trulia,1Q14 PTN Sustain - Phoenix DMA - Trulia Display 300x600 FEB,banners,2/1/2014,3/2/2014,115060,phx_soon,New Communities Coming soon,115060_300x600.swf,41019.00,335.00,656.30
2014-02,Phoenix,trulia,1Q14 PTN Sustain - Phoenix DMA - Trulia Mobile 320x50 FEB,mobile,2/1/2014,3/2/2014,115060,phx_soon,New Communities Coming soon,115060_320x50.jpg,21492.00,20.00,326.10
2014-02,Phoenix,zillow,1Q14 PTN Sustain - Phoenix DMA - Zillow Display 300x600 FEB,banners,2/1/2014,3/2/2014,115060,phx_soon,New Communities Coming soon,115060_300x600.swf,168895.00,191.00,1351.16
2014-02,SoCal Inland,trulia,1Q14 SCL Sustain Inland - Trulia - Coachella-PalmSprings Display 300x600 FEB,banners,2/1/2014,2/28/2014,111849,ps,Q1 Sustaining - Palm Springs (Coachella),111849_300x600.jpg,181519.00,938.00,2640.00
2014-02,SoCal Inland,zillow,1Q14 SCL Sustain Inland - Zillow -  Coachella-PalmSprings Display 300x600 FEB,banners,2/1/2014,2/28/2014,111849,ps,Q1 Sustaining - Palm Springs (Coachella),111849_300x600.jpg,225075.00,439.00,1800.00
2014-02,SoCal Inland,zillow,1Q14 SCL Sustain Inland - Zillow -  Coachella-PalmSprings Mobile 320x50 FEB,mobile,2/1/2014,2/28/2014,111849,ps,Q1 Sustaining - Palm Springs (Coachella),SCL_1x1,69291.00,636.00,1553.10
2014-02,Tampa,add,AddThis Emerald Oaks Tampa DMA 1/31-2/14 PACKAGE,banners,1/31/2014,2/14/2014,113739,qmi,QMI Event,113739_160x600.jpg,35.00,0.00,0.78
2014-02,Raleigh,facebook,1Q14 RAL FB Newsfeed Feb- Raleigh-Durham DMA,ad,2/1/2014,2/28/2014,,ral ,Q1 Sustaining,Facebook,66580.00,643.00,727.72
2014-02,Raleigh,linked,"1Q14 RAL LinkedIn Medical, Public Sector (Teachers, Firemen, Police)",banners,12/1/2013,2/28/2014,113650,ral ,Q1 Sustaining Linked In- Medical & Public Sector,113650_300x250.jpg,16249.00,9.00,315.23
2014-02,Raleigh,linked,1Q14 RAL LinkedIn Real Estate,banners,12/1/2013,2/28/2014,115196,ral ,Q1 Sustaining Linked In- Real Estate,115196_RAL_300x250.jpg,17369.00,12.00,316.12
2014-02,Raleigh,trulia,1Q14_RAL Raleigh/Durham DMA Sustain_Trulia_Display 300x600_FEB,banners,2/1/2014,2/28/2014,113637,ral ,Q1 Sustaining,113637_300x600.swf,88140.00,902.00,1252.03
2014-02,Raleigh,trulia,1Q14_RAL Raleigh/Durham DMA Sustain_Trulia_Mobile_320x50_FEB,mobile,2/1/2014,2/28/2014,113637,ral ,Q1 Sustaining,113637_320x50.jpg,17144.00,36.00,218.98
2014-02,Raleigh,yahoo,1Q14_RAL Raleigh/Durham DMA  Sustain_Yahoo_Display 160x600_FEB,banners,2/1/2014,2/28/2014,113637,ral ,Q1 Sustaining,113637_160x600.swf,40735.00,137.00,166.20
2014-02,Raleigh,yahoo,1Q14_RAL Raleigh/Durham DMA  Sustain_Yahoo_Tablet_300x250_FEB,mobile,2/1/2014,2/28/2014,113637,ral ,Q1 Sustaining,RAL_1x1_3,6298.00,21.00,1567.93
2014-02,Raleigh,zillow,1Q14_RAL Raleigh/Durhma DMA Sustain_Zillow_Display 300x600_FEB,banners,2/1/2014,2/28/2014,113637,ral ,Q1 Sustaining,113637_300x600.swf,196845.00,551.00,1573.88
2014-02,Raleigh,zillow,1Q14_RAL Raleigh/Durhma DMA Sustain_Zillow_Tablet_704x70_FEB,mobile,2/1/2014,2/28/2014,113637,ral ,Q1 Sustaining,RAL_1x1_3,5508.00,37.00,824.63
2014-02,Raleigh,mobileT,Mobile Theory Home Studio + HTBAH Event Raleigh DMA 1/20-2/5 PACKAGE,mobile,1/20/2014,2/5/2014,114906; 114976,ral_htbah; ral_studio,HTBAH; Home Studio Browse Event,RAL_1x1_2,2970.00,18.00,127.74
2014-02,Raleigh,add,AddThis Home Studio + HTBAH Event Raleigh DMA 1/20-2/5 PACKAGE,banners,1/20/2014,2/5/2014,114976,ral_studio,Home Studio Browse Event,114976_160x600.swf,62298.00,25.00,587.74
2014-02,Raleigh,trulia,1Q14_RAL Raleigh/Durham DMA Sustain_Trulia_Display 300x600_FEB,banners,2/1/2014,2/28/2014,114976,ral_studio,Home Studio Browse Event,114976_300x600.swf,20308.00,120.00,324.93
2014-02,Raleigh,trulia,1Q14_RAL Raleigh/Durham DMA Sustain_Trulia_Mobile_320x50_FEB,mobile,2/1/2014,2/28/2014,114976,ral_studio,Home Studio Browse Event,114976_Studio_320x50.jpg,3985.00,5.00,57.02
2014-02,Raleigh,yahoo,1Q14_RAL Raleigh/Durham DMA  Sustain_Yahoo_Display 160x600_FEB,banners,2/1/2014,2/28/2014,114976,ral_studio,Home Studio Browse Event,114976_160x600.swf,11000.00,20.00,44.88
2014-02,Raleigh,zillow,1Q14_RAL Raleigh/Durhma DMA Sustain_Zillow_Display 300x600_FEB,banners,2/1/2014,2/28/2014,114976,ral_studio,Home Studio Browse Event,114976_300x600.swf,55265.00,46.00,442.12
2014-02,Tucson,zillow,1Q14 PTN Sustain - Tuscon DMA - Zillow Display 300x600 FEB,banners,2/1/2014,3/2/2014,114929,rancho,Rancho Valencia Sustaining ,114929_300x600.jpg,169.00,2.00,1.35
2014-02,SoCal Inland,trulia,1Q14 SCL Sustain Inland - Trulia - Riverside-SanBernardino Display 300x600 FEB,banners,2/1/2014,2/28/2014,110046,rvr,Q1 Sustaining - Riverside/San Bernardino,300x600_RiverSanBern.swf,181519.00,1428.00,2640.00
2014-02,SoCal Inland,zillow,1Q14 SCL Sustain Inland - Zillow -  Riverside-SanBernardino Display 300x600 FEB,banners,2/1/2014,2/28/2014,110046,rvr,Q1 Sustaining - Riverside/San Bernardino,300x600_RiverSanBern.swf,225086.00,848.00,1800.00
2014-02,SoCal Inland,zillow,1Q14 SCL Sustain Inland - Zillow -  Riverside-SanBernardino Mobile 320x50 FEB,mobile,2/1/2014,2/28/2014,110046,rvr,Q1 Sustaining - Riverside/San Bernardino,SCL_1x1,80062.00,830.00,1684.57
2014-02,San Antonio,facebook,1Q14 SAN FB Newsfeed Feb-San Antonio DMA,ad,2/1/2014,2/28/2014,113551,sa,Q1 Sustaining,Facebook,162268.00,1585.00,1773.59
2014-02,San Antonio,linked,"1Q14 SAN LinkedIn Military, Oil & Energy, Government Employees",banners,12/1/2013,2/28/2014,113662,sa,"Q1 Sustaining Linked In- Military, Oil/Energy",113662_300x250.jpg,16353.00,21.00,317.25
2014-02,San Antonio,linked,1Q14 SAN LinkedIn Real Estate,banners,12/1/2013,2/28/2014,113659,sa,Q1 Sustaining Linked In- Real Estate,113659_300x250.jpg,19606.00,11.00,356.83
2014-02,San Antonio,trulia,1Q14 SAN Sustain - San Antonio DMA Trulia Display 300x600 FEB,banners,2/1/2014,2/28/2014,113551,sa,Q1 Sustaining,113551_300x600.jpg,64228.00,613.00,1027.20
2014-02,San Antonio,trulia,1Q14 SAN Sustain - San Antonio DMA Trulia Tablet 320x50 FEB,mobile,2/1/2014,2/28/2014,113551,sa,Q1 Sustaining,113551_320x50.gif,18006.00,28.00,180.03
2014-02,San Antonio,yahoo,1Q14 SAN Sustain - San Antonio DMA Yahoo Display Spanish 300x250 FEB,banners,2/1/2014,2/28/2014,113553,sa,Q1 Sustaining,113553_300x250.jpg,13244.00,37.00,69.53
2014-02,San Antonio,yahoo,1Q14 SAN Sustain - San Antonio DMA Yahoo Display English 300x250 FEB,banners,2/1/2014,2/28/2014,113551,sa,Q1 Sustaining,113551_300x250.jpg,60152.00,164.00,307.98
2014-02,San Antonio,yahoo,1Q14 SAN Sustain - San Antonio DMA Yahoo Mobile Spanish 300x50 FEB,mobile,2/1/2014,2/28/2014,113553,sa,Q1 Sustaining,Sustain,2612.00,47.00,13.06
2014-02,San Antonio,yahoo,1Q14 SAN Sustain - San Antonio DMA Yahoo Tablet English 300x250 FEB,mobile,2/1/2014,2/28/2014,113551,sa,Q1 Sustaining,Sustain,26571.00,98.00,1144.44
2014-02,San Antonio,zillow,1Q14 SAN Sustain - San Antonio DMA Zillow Display 300x600 FEB,banners,2/1/2014,2/28/2014,113551,sa,Q1 Sustaining,113551_300x600.jpg,71819.00,226.00,574.30
2014-02,San Antonio,zillow,1Q14 SAN Sustain - San Antonio DMA Zillow Mobile 320x50 FEB,mobile,2/1/2014,2/28/2014,113551,sa,Q1 Sustaining,Sustain,38477.00,302.00,604.89
2014-02,San Antonio,moasis,Moasis SAN KB Studio HTBAH Event - SAN DMA PACKAGE,mobile,1/20/2014,2/1/2014,114915,sa_htbah,In-Studio HTBAH Event English,SAN_1x1,40.00,0.00,243.64
2014-02,San Antonio,trulia,1Q14 SAN Sustain - San Antonio DMA Trulia Display 300x600 FEB,banners,2/1/2014,2/28/2014,114915,sa_htbah,In-Studio HTBAH Event English,114915_HTBAH_300x600.jpg,4739.00,24.00,75.82
2014-02,San Antonio,trulia,1Q14 SAN Sustain - San Antonio DMA Trulia Tablet 320x50 FEB,mobile,2/1/2014,2/28/2014,114915,sa_htbah,In-Studio HTBAH Event English,114915_HTBAH_320x50.jpg,1333.00,2.00,13.33
2014-02,San Antonio,yahoo,1Q14 SAN Sustain - San Antonio DMA Yahoo Display Spanish 300x250 FEB,banners,2/1/2014,2/28/2014,115151,sa_htbah,In-Studio HTBAH Event Spanish,115151_HTBAH_300x250.jpg,11.00,0.00,0.06
2014-02,San Antonio,yahoo,1Q14 SAN Sustain - San Antonio DMA Yahoo Display English 300x250 FEB,banners,2/1/2014,2/28/2014,114915,sa_htbah,In-Studio HTBAH Event English,114915_HTBAH_300x250.jpg,567.00,0.00,2.90
2014-02,San Antonio,zillow,1Q14 SAN Sustain - San Antonio DMA Zillow Display 300x600 FEB,banners,2/1/2014,2/28/2014,114915,sa_htbah,In-Studio HTBAH Event English,114915_HTBAH_300x600.jpg,6740.00,23.00,53.92
2014-02,Central California,zillow,1Q14 Zillow Display 300x600 Package FEB,banners,2/1/2014,2/28/2014,113589,sac,Q1 Sustaining,113589_300x600.swf,139867.00,286.00,1118.64
2014-02,Central California,zillow,1Q14 Zillow Display 300x600 Package FEB,banners,2/1/2014,2/28/2014,113830,sac,Q1 Sustaining - Reno,113830_300x600.jpg,139909.00,325.00,1118.97
2014-02,Central California,zillow,1Q14 Zillow Display 300x600 Package FEB,banners,2/1/2014,2/28/2014,113829,sac,Q1 Sustaining - Fresno (Madera),113829_300x600.jpg,139913.00,205.00,1119.01
2014-02,Central California,zillow,1Q14 Zillow Display 300x600 Package FEB,banners,2/1/2014,2/28/2014,113827,sac,Q1 Sustaining - Roseville,113827_300x600.jpg,139993.00,292.00,1119.59
2014-02,Central California,zillow,1Q14 Zillow Tablet Package FEB,mobile,2/1/2014,2/28/2014,113827,sac,Q1 Sustaining - Roseville,SAC 1x1,4043.00,51.00,222.95
2014-02,Central California,zillow,1Q14 Zillow Mobile 320x50 Package FEB,mobile,2/1/2014,2/28/2014,113830,sac,Q1 Sustaining - Reno,SAC 1x1,12596.00,93.00,220.59
2014-02,Central California,zillow,1Q14 Zillow Mobile 320x50 Package FEB,mobile,2/1/2014,2/28/2014,113829,sac,Q1 Sustaining - Fresno (Madera),SAC 1x1,12645.00,94.00,221.42
2014-02,Central California,zillow,1Q14 Zillow Mobile 320x50 Package FEB,mobile,2/1/2014,2/28/2014,113589,sac,Q1 Sustaining,SAC 1x1,13048.00,118.00,226.05
2014-02,Jacksonville,zillow,1Q14 JAX Sustain West Palm Beach Zillow Display 300x600 FEB,banners,2/1/2014,2/28/2014,113634,sefl,Q1 Sustaining,113634_300x600.swf,85493.00,280.00,683.69
2014-02,Orlando,add,AddThis Shingle Creek GO Orlando DMA PACKAGE,banners,2/10/2014,2/22/2014,115591,shingle_go,Shingle Creek,115591_ORL_160x600.jpg,151485.00,178.00,2000.00
2014-02,Orlando,mobileT,MobileTheory Shingle Creek GO Orlando DMA PACKAGE,mobile,2/10/2014,2/22/2014,115591,shingle_go,Shingle Creek,ORL_1x1,27053.00,199.00,1999.99
2014-02,Orlando,add,AddThis Silverleaf GO Orlando DMA PACKAGE,banners,1/20/2014,2/2/2014,114923,silverleaf_go,Silverleaf Grand Opening,114923_160x600.jpg,5975.00,13.00,46.28
2014-02,SoCal Coastal,trulia,1Q14_SCL Sustain Coastal_Trulia_ San Diego_Display_300x600_FEB,banners,2/1/2014,2/28/2014,113176,sm,Q1 Sustaining - San Marcos (Updated),SanMarcos_300x600.swf,275102.00,1663.00,4000.00
2014-02,SoCal Coastal,zillow,1Q14_SCL Sustain Coastal_Zillow_SanDiego_Display_300x600_FEB,banners,2/1/2014,2/28/2014,113176,sm,Q1 Sustaining - San Marcos (Updated),SanMarcos_300x600.swf,243436.00,446.00,1946.66
2014-02,SoCal Coastal,zillow,1Q14_SCL Sustain Coastal_Zillow_SanDiego_Tablet_704x70_FEB,mobile,2/1/2014,2/28/2014,110240,sm,Q1 Sustaining - San Marcos,SCL_1x1,30007.00,272.00,360.08
2014-02,SoCal Coastal,yahoo,"1Q14 SCL Yahoo Display Sustain LA, SD, Palm Springs FEB",banners,2/1/2014,2/28/2014,110052,socal,Q1 Yahoo Sustaining,300x250_SoCal_LACounty.swf,1500697.00,4311.00,7684.61
2014-02,Tampa,linked,"1Q14 TAM LinkedIn Military, Medical",banners,12/1/2013,2/28/2014,113657,tam,Q1 Sustaining Linked In - Military Medical,113657_300x250.jpg,16258.00,16.00,315.41
2014-02,Tampa,linked,1Q14 TAM LinkedIn Real Estate,banners,12/1/2013,2/28/2014,114361,tam,Q1 Sustaining Linked In- Real Estate,114361_1220_300x250.jpg,17374.00,20.00,316.21
2014-02,Tampa,trulia,1Q14 TAM Sustain - TAMPA DMA Trulia Display 300x600 FEB,banners,2/1/2014,2/28/2014,113635,tam,Q1 Sustaining,113635_300x600.swf,162688.00,2084.00,2365.44
2014-02,Tampa,trulia,1Q14 TAM Sustain - TAMPA DMA Trulia Tablet 320x50 FEB,mobile,2/1/2014,2/28/2014,113635,tam,Q1 Sustaining,113635_320x50.jpg,19361.00,32.00,816.00
2014-02,Tampa,yahoo,1Q14 TAM Sustain - Tampa DMA Yahoo Display 160x600 FEB,banners,2/1/2014,2/28/2014,113635,tam,Q1 Sustaining,113635_160x600.swf,125457.00,320.00,511.86
2014-02,Tampa,yahoo,1Q14 TAM Sustain - Tampa DMA Yahoo Tablet 300x250 FEB,mobile,2/1/2014,2/28/2014,113635,tam,Q1 Sustaining,TAM_1x1,51067.00,209.00,255.25
2014-02,Tampa,yahoo,1Q14 TAM Sustain - Tampa DMA Yahoo Mobile 300x50 FEB,mobile,2/1/2014,2/28/2014,113635,tam,Q1 Sustaining,TAM_1x1,159005.00,642.00,793.00
2014-02,Tampa,zillow,1Q14 TAM Sustain - TAMPA DMA Zillow Display 300x600 FEB,banners,2/1/2014,2/28/2014,113635,tam,Q1 Sustaining,113635_300x600.swf,414144.00,885.00,3312.00
2014-02,Tampa,zillow,1Q14 TAM Sustain - TAMPA DMA Zillow Mobile 320x50 FEB,mobile,2/1/2014,2/28/2014,113635,tam,Q1 Sustaining,TAM_1x1,88469.00,700.00,1538.45
2014-02,Phoenix,add,AddThis Desert Passage & Trailside Point Phoenix DMA 2/17-3/2 PACKAGE,banners,2/17/2014,3/2/2014,115250,trailside_go,Trailside Grand Openings,115250_PHX_160x600.jpg,111185.00,77.00,1421.44
2014-02,Phoenix,zillow,1Q14 PTN Sustain - Phoenix DMA - Zillow Mobile 320x50 FEB,mobile,2/1/2014,3/2/2014,113845,tuc,Q1 Sustaining,PTN_1x1_2,27448.00,197.00,425.82
2014-02,Denver,add,AddThis Meridian Village Paired Homes Douglas County 1/27-2/16 PACKAGE,banners,1/27/2014,2/16/2014,115079,villas,Underperforming Community: Meridian Village Paired Homes (The Villas),115079_160x600.swf,85578.00,22.00,1207.47
2014-02,Denver,mobileT,Mobile Theory Meridian Village Douglas County 1/27-2/16 PACKAGE,mobile,1/27/2014,2/16/2014,115079,villas,Underperforming Community: Meridian Village Paired Homes (The Villas),COL_1x1,50188.00,153.00,1081.14
2014-02,Austin,add,AddThis Retreat at Willow Creek GO Austin DMA 2/24-3/2 PACKAGE,banners,2/24/2014,3/2/2014,115519,wcreek_go,Retreat at Willow Creek Grand Opening,115519_AUS_160x600.jpg,47036.00,88.00,613.07
2014-02,Austin,millennial,Millennial Retreat at Willow Creek GO Spanish Lang Austin DMA PACKAGE,mobile,2/24/2014,3/2/2014,115527,wcreek_go,Retreat at Willow Creek Grand Opening,AUS_1x1,26878.00,102.00,363.75
2014-02,Austin,mobileT,Mobile Theory Retreat at Willow Creek GO Austin DMA 2/24-3/2 PACKAGE,mobile,2/24/2014,3/2/2014,115519,wcreek_go,Retreat at Willow Creek Grand Opening,AUS_1x1,31047.00,144.00,750.00
2014-02,Denver,add,AddThis Westwood Mesa GO Adams & Jefferson County 2/17-3/9 PACKAGE,banners,2/17/2014,3/9/2014,115776,westwood_go,Westwoods Mesa Grand Opening,115776_CO_160x600.jpg,55806.00,44.00,800.66
2014-02,Denver,mobileT,Mobile Theory Westwoods Mesa GO Adams & Jefferson County 2/17-3/9 PACKAGE,mobile,2/17/2014,3/9/2014,115776,westwood_go,Westwoods Mesa Grand Opening,COL_1x1,135560.00,1077.00,896.22
2014-02,Central California,add,AddThis Aria & Legato Sacramento DMA 1/27-2/9 PACKAGE,banners,1/27/2014,2/9/2014,113738,,Sierra Vista,113738_160x600.jpg,16.00,0.00,0.39
2014-02,Denver,add,AddThis Meridian Village Paired Homes Douglas County 1/27-2/16 PACKAGE,banners,1/27/2014,2/16/2014,113732,,Lyons Ridge GO,113732_1125-GO_160x600.jpg,26.00,0.00,1.00
2014-02,Denver,add,AddThis Parkside Villas Denver DMA 2/3-2/23 PACKAGE,banners,2/3/2014,2/23/2014,113732,,Lyons Ridge GO,113732_1125-GO_160x600.jpg,17.00,0.00,0.20
2014-02,Orlando,add,"AddThis New Home, New Year Orlando DMA PACKAGE",banners,1/13/2014,2/2/2014,113755,,Gramercy Farms GO,113755_160x600.jpg,39.00,0.00,445.75
2014-02,San Antonio,add,AddThis SAN Feb Sales Event - SAN DMA 2/12-2/23 PACKAGE,banners,2/12/2014,2/23/2014,113953,,La Fontana,113953_728x90.jpg,19291.00,35.00,0.32
2014-02,SoCal Coastal,add,AddThis Ridgeview at Echo Ridge Sustain Zip Targeting Display 2/1-2/28 PACKAGE,banners,2/1/2014,2/28/2014,110071,,Dorado Skies Sustain,110071_0605-WB_300x250.jpg,231.00,0.00,0.57
2014-02,SoCal Coastal,add,AddThis Rancho Santalina Haciendas Sustain Zip Targeting Display 2/1-2/28 PACKAGE,banners,2/1/2014,2/28/2014,110071,,Dorado Skies Sustain,110071_0605-WB_300x250.jpg,313.00,1.00,0.78
2014-02,SoCal Coastal,add,AddThis Ridgeview at Echo Ridge Sustain Zip Targeting Display 2/1-2/28 PACKAGE,banners,2/1/2014,2/28/2014,110264,,Copper Moon,110264_GO_728x90.jpg,469.00,8.00,1.17
2014-02,SoCal Coastal,add,AddThis Rancho Santalina Haciendas Sustain Zip Targeting Display 2/1-2/28 PACKAGE,banners,2/1/2014,2/28/2014,110264,,Copper Moon,110264_GO_728x90.jpg,706.00,7.00,1.76
2014-02,SoCal Coastal,add,AddThis Antelope Valley Sustaining Zip Targeting Display 2/1-2/28 PACKAGE,banners,2/1/2014,2/28/2014,110071,,Dorado Skies Sustain,110071_0605-WB_160x600.jpg,21006.00,37.00,313.35
2014-02,SoCal Coastal,add,AddThis Antelope Valley Sustaining Zip Targeting Display 2/1-2/28 PACKAGE,banners,2/1/2014,2/28/2014,110264,,Copper Moon,110264_GO_300x250.jpg,42350.00,59.00,312.03
2014-02,SoCal Coastal,add,AddThis Ridgeview at Echo Ridge Sustain Zip Targeting Display 2/1-2/28 PACKAGE,banners,2/1/2014,2/28/2014,113972,,Ridgeview at Echo Ridge,113972_160x600.swf,44323.00,37.00,748.10
2014-02,SoCal Coastal,add,AddThis Rancho Santalina Haciendas Sustain Zip Targeting Display 2/1-2/28 PACKAGE,banners,2/1/2014,2/28/2014,114885,,Rancho Santalina Haciendas,114885_160x600.swf,59342.00,71.00,997.24
2014-02,SoCal Coastal,add,AddThis Canton Hills Sustain Zip Targeting Display 2/1-2/28 PACKAGE,banners,2/1/2014,2/28/2014,114272,,Canton Hills,114272_160x600.jpg,75111.00,120.00,1250.00
2014-02,SoCal Coastal,add,AddThis La Mesa Meadows Sustain Zip Targeting Display 2/1-1/28 PACKAGE,banners,2/1/2014,2/28/2014,114276,,La Mesa Meadows,114276_160x600.jpg,81870.00,180.00,1249.99
2014-02,SoCal Coastal,add,AddThis Monte Vista GO Zip Targeting Display 2/1-2/28 PACKAGE,banners,2/1/2014,2/28/2014,113970,,Monte Vista,113970_160x600.jpg,99979.00,230.00,1499.99
2014-02,SoCal Inland,add,AddThis SCL Inland - The Enclave - LA Zip DMA 2/1-2/28 PACKAGE,banners,2/1/2014,2/28/2014,114438,,Pinnacle,114438_160x600.jpg,28.00,0.00,1.47
2014-02,SoCal Inland,add,AddThis SCL Inland - Saratoga Sustain - LA Zip DMA 2/1-2/28 PACKAGE,banners,2/1/2014,2/28/2014,110277,,Saratoga Sustain,110277_WB_160x600.jpg,60119.00,136.00,750.00
2014-02,SoCal Inland,add,AddThis SCL Inland -  Las Playas - LA Zip DMA 2/1-2/28 PACKAGE,banners,2/1/2014,2/28/2014,110023,,Las Playas Sustain,110023_0605-WB_160x600.jpg,80075.00,148.00,1000.00
2014-02,SoCal Inland,add,AddThis SCL Inland - Parkside Sustain - LA Zip DMA 2/1-2/28 PACKAGE,banners,2/1/2014,2/28/2014,111556,,Parkside,111556_160x600.jpg,118558.00,206.00,1500.00
2014-02,SoCal Inland,add,AddThis SCL Inland - The Enclave - LA Zip DMA 2/1-2/28 PACKAGE,banners,2/1/2014,2/28/2014,114273,,The Enclave,114273_160x600.swf,115865.00,43.00,285.33
2014-02,SoCal Inland,add,AddThis SCL Inland - The Preserve Sustain - LA Zip DMA 2/1-2/28 PACKAGE,banners,2/1/2014,2/28/2014,113999,,Preserve,113999_Schools5_160x600.jpg,116850.00,144.00,1499.99
2014-02,SoCal Inland,add,AddThis SCL Inland - The Pinnacle Sustain - LA Zip DMA 2/1-2/28 PACKAGE,banners,2/1/2014,2/28/2014,113968,,Pinnacle,113968_160x600.jpg,120634.00,213.00,1500.01
2014-02,SoCal Inland,add,AddThis SCL Inland - Monument Park Sustain - LA Zip DMA 2/1-2/28 PACKAGE,banners,2/1/2014,2/28/2014,111679,,Monument Park,111679_160x600.jpg,125603.00,286.00,1500.01
2014-02,SoCal Inland,add,AddThis SCL Inland - The Enclave - LA Zip DMA 2/1-2/28 PACKAGE,banners,2/1/2014,2/28/2014,114273,,The Enclave,114273_300x250.swf,206874.00,166.00,1212.90
2014-02,SoCal Coastal,centro,Centro Rancho Santalina Haciendas Sustain UTSD Homepage 2/1-2/28 300x250,banners,2/1/2014,2/28/2014,114885,,Rancho Santalina Haciendas,114885_300x250.jpg,77469.00,38.00,750.00
2014-02,SoCal Coastal,LAT/Latimes,LA Times Dawn Creek GO Zip Target 1/13-2/9 PACKAGE,banners,1/13/2014,2/9/2014,110071,,Dorado Skies Sustain,110071_0605-WB_300x250.jpg,3.00,0.00,0.03
2014-02,SoCal Coastal,LAT/Latimes,LA Times Dawn Creek GO Zip Target 1/13-2/9 PACKAGE,banners,1/13/2014,2/9/2014,110264,,Copper Moon,110264_GO_728x90.jpg,7.00,0.00,0.07
2014-02,SoCal Coastal,LAT/Latimes,LA Times Antelope Valley Sustain Zip Target 2/1-2/28 PACKAGE,banners,2/1/2014,2/28/2014,110071,,Dorado Skies Sustain,110071_0605-WB_300x250.jpg,201.00,0.00,2.01
2014-02,SoCal Coastal,LAT/Latimes,LA Times Antelope Valley Sustain Zip Target 2/1-2/28 PACKAGE,banners,2/1/2014,2/28/2014,110072,,Dorado Skies Sustain,110072_0605-WB_300x250.jpg,18545.00,14.00,373.00
2014-02,SoCal Coastal,LAT/Latimes,LA Times Antelope Valley Sustain Zip Target 2/1-2/28 PACKAGE,banners,2/1/2014,2/28/2014,110264,,Copper Moon,110264_GO_300x250.jpg,18875.00,18.00,377.93
2014-02,SoCal Coastal,millennial,Millennial Arbor Rose Sustain Zip Targ Chinese Lang 2/1-2/28 PACKAGE,mobile,2/1/2014,2/28/2014,111844,,Arbor Rose Sustain (Arcadia),SCL_1x1_2,2219.00,10.00,51.62
2014-02,SoCal Coastal,millennial,Millennial Canton Hills Sustain Zip Targ Military 2/1-2/28 PACKAGE,mobile,2/1/2014,2/28/2014,114272,,Canton Hills,SCL_1x1,34189.00,190.00,999.50
2014-02,SoCal Coastal,millennial,Millennial La Mesa Meadows Sustain Zip Targ Military 2/1-2/28 PACKAGE,mobile,2/1/2014,2/28/2014,114276,,La Mesa Meadows,SCL_1x1,61666.00,220.00,700.00
2014-02,SoCal Coastal,millennial,Millennial Arbor Rose Sustain Zip Targ Chinese Lang 2/1-2/28 PACKAGE,mobile,2/1/2014,2/28/2014,111845,,Arbor Rose Sustain (Arcadia),SCL_1x1_2,13276.00,48.00,698.39
2014-02,SoCal Inland,millennial,Millennial SCL Inland - Mahogany Hills GO - LA Zip DMA Military CPC 2/10-3/10 PACKAGE,mobile,2/10/2014,3/10/2014,115556; 115263,,Mahogany Hills,Grand Opening,15820.00,52.00,1130.50
2014-02,SoCal Inland,millennial,Millennial SCL Inland - The Enclave - LA Zip DMA Chinese 2/1-2/28 PACKAGE,mobile,2/1/2014,2/28/2014,114273,,The Enclave,SCL_1x1,10538.00,43.00,874.80
2014-02,SoCal Inland,millennial,Millennial SCL Inland - The Preserve Sustain - LA Zip DMA Chinese 2/1-2/28 PACKAGE,mobile,2/1/2014,2/28/2014,113999,,Preserve,SCL_1x1,16828.00,123.00,874.80
2014-02,SoCal Coastal,mobileT,MobileTheory Antelope Valley Sustain Zip Targeting 2/1-2/28 PACKAGE,mobile,2/1/2014,2/28/2014,110264,,Copper Moon,SCL_Copper Moon_1x1,10987.00,22.00,54.92
2014-02,SoCal Coastal,mobileT,MobileTheory Antelope Valley Sustain Zip Targeting 2/1-2/28 PACKAGE,mobile,2/1/2014,2/28/2014,111557,,Gibraltar,SCL_Gibraltar_1x1,12712.00,38.00,184.69
2014-02,SoCal Coastal,mobileT,MobileTheory Antelope Valley Sustain Zip Targeting 2/1-2/28 PACKAGE,mobile,2/1/2014,2/28/2014,114962,,Dawn Creek Sustain,SCL_Dawn Creek 2_1x1,16723.00,171.00,158.19
2014-02,SoCal Coastal,mobileT,MobileTheory Monte Vista GO Sustain Zip Targeting Spanish Lang 2/1-2/28 PACKAGE,mobile,2/1/2014,2/28/2014,114278,,Monte Vista,SCL_1x1,17007.00,75.00,219.84
2014-02,SoCal Coastal,mobileT,MobileTheory Canton Hills Sustain Zip Targeting Spanish Lang 2/1-2/28 PACKAGE,mobile,2/1/2014,2/28/2014,114274,,Canton Hills,SCL_1x1,23693.00,134.00,400.00
2014-02,SoCal Coastal,mobileT,MobileTheory Arbor Rose Sustain Zip Targeting 2/1-2/28 PACKAGE,mobile,2/1/2014,2/28/2014,111844,,Arbor Rose Sustain (Arcadia),SCL_1x1_2,29033.00,123.00,143.58
2014-02,SoCal Coastal,mobileT,MobileTheory Antelope Valley Sustain Zip Targeting 2/1-2/28 PACKAGE,mobile,2/1/2014,2/28/2014,110073,,Dorado Skies Sustain,SCL_Dorado_1x1,31833.00,211.00,305.75
2014-02,SoCal Coastal,mobileT,MobileTheory Dawn Creek GO Sustain Zip Targeting 1/13-2/9 PACKAGE,mobile,1/13/2014,2/9/2014,113969; 114962,,Dawn Creek Sustain,SCL_1x1,32765.00,215.00,544.52
2014-02,SoCal Coastal,mobileT,MobileTheory Rancho Santalina Haciendas Sustain Sustain Zip Targeting 2/1-2/28 PACKAGE,mobile,2/1/2014,2/28/2014,113971,,Rancho Santalina Haciendas,SCL_1x1,32712.00,262.00,157.32
2014-02,SoCal Coastal,mobileT,MobileTheory Antelope Valley Sustain Zip Targeting 2/1-2/28 PACKAGE,mobile,2/1/2014,2/28/2014,110264,,Copper Moon,SCL_Copper Moon_1x1,41922.00,328.00,189.87
2014-02,SoCal Coastal,mobileT,MobileTheory Ridgeview at Echo Ridge Sustain Sustain Zip Targeting 2/1-2/28 PACKAGE,mobile,2/1/2014,2/28/2014,113972,,Ridgeview at Echo Ridge,SCL_1x1,42020.00,154.00,205.63
2014-02,SoCal Coastal,mobileT,MobileTheory Rancho Santalina Haciendas Sustain Sustain Zip Targeting 2/1-2/28 PACKAGE,mobile,2/1/2014,2/28/2014,113971,,Rancho Santalina Haciendas,SCL_1x1,51102.00,220.00,247.39
2014-02,SoCal Coastal,mobileT,MobileTheory Monte Vista GO Sustain Zip Targeting 2/1-2/28 PACKAGE,mobile,2/1/2014,2/28/2014,113970,,Monte Vista,SCL_1x1,51776.00,459.00,255.97
2014-02,SoCal Coastal,mobileT,MobileTheory Antelope Valley Sustain Zip Targeting 2/1-2/28 PACKAGE,mobile,2/1/2014,2/28/2014,110264,,Copper Moon,SCL_Copper Moon_1x1,53377.00,428.00,256.09
2014-02,SoCal Coastal,mobileT,MobileTheory Ridgeview at Echo Ridge Sustain Sustain Zip Targeting 2/1-2/28 PACKAGE,mobile,2/1/2014,2/28/2014,113972,,Ridgeview at Echo Ridge,SCL_1x1,54813.00,324.00,264.91
2014-02,SoCal Coastal,mobileT,MobileTheory Monte Vista GO Sustain Zip Targeting Spanish Lang 2/1-2/28 PACKAGE,mobile,2/1/2014,2/28/2014,114278,,Monte Vista,SCL_1x1,48597.00,296.00,279.96
2014-02,SoCal Coastal,mobileT,MobileTheory Antelope Valley Sustain Zip Targeting 2/1-2/28 PACKAGE,mobile,2/1/2014,2/28/2014,114962,,Dawn Creek Sustain,SCL_Dawn Creek 2_1x1,62152.00,381.00,295.24
2014-02,SoCal Coastal,mobileT,MobileTheory Arbor Rose Sustain Zip Targeting 2/1-2/28 PACKAGE,mobile,2/1/2014,2/28/2014,111845,,Arbor Rose Sustain (Arcadia),SCL_1x1_2,60778.00,416.00,295.34
2014-02,SoCal Coastal,mobileT,MobileTheory Antelope Valley Sustain Zip Targeting 2/1-2/28 PACKAGE,mobile,2/1/2014,2/28/2014,111557,,Gibraltar,SCL_Gibraltar_1x1,63909.00,473.00,305.25
2014-02,SoCal Coastal,mobileT,MobileTheory La Mesa Meadows Sustain Zip Targeting 2/1-2/28 PACKAGE,mobile,2/1/2014,2/28/2014,114276,,La Mesa Meadows,SCL_1x1,64003.00,266.00,1500.01
2014-02,SoCal Coastal,mobileT,MobileTheory Canton Hills Sustain Zip Targeting 2/1-2/28 PACKAGE,mobile,2/1/2014,2/28/2014,114272,,Canton Hills,SCL_1x1,67854.00,293.00,1250.00
2014-02,SoCal Coastal,mobileT,MobileTheory Rancho Santalina Haciendas Sustain Sustain Zip Targeting 2/1-2/28 PACKAGE,mobile,2/1/2014,2/28/2014,113971,,Rancho Santalina Haciendas,SCL_1x1,71621.00,445.00,345.29
2014-02,SoCal Coastal,mobileT,MobileTheory Monte Vista GO Sustain Zip Targeting 2/1-2/28 PACKAGE,mobile,2/1/2014,2/28/2014,113970,,Monte Vista,SCL_1x1,71032.00,230.00,346.35
2014-02,SoCal Coastal,mobileT,MobileTheory Ridgeview at Echo Ridge Sustain Sustain Zip Targeting 2/1-2/28 PACKAGE,mobile,2/1/2014,2/28/2014,113972,,Ridgeview at Echo Ridge,SCL_1x1,110539.00,698.00,529.46
2014-02,SoCal Coastal,mobileT,MobileTheory Arbor Rose Sustain Zip Targeting 2/1-2/28 PACKAGE,mobile,2/1/2014,2/28/2014,111844,,Arbor Rose Sustain (Arcadia),SCL_1x1_2,114898.00,1036.00,561.08
2014-02,SoCal Coastal,mobileT,MobileTheory Monte Vista GO Sustain Zip Targeting 2/1-2/28 PACKAGE,mobile,2/1/2014,2/28/2014,113970,,Monte Vista,SCL_1x1,185930.00,1323.00,897.67
2014-02,SoCal Inland,mobileT,MobileTheory SCL Inland - Mahogany Hills GO - LA Zip DMA 2/10-3/10 PACKAGE,mobile,2/10/2014,3/10/2014,115556; 115263,,Mahogany Hills,Grand Opening,8718.00,25.00,243.19
2014-02,SoCal Inland,mobileT,MobileTheory SCL Inland - Saratoga Sustain English - LA Zip DMA 2/1-2/28 PACKAGE,mobile,2/1/2014,2/28/2014,110277,,Saratoga Sustain,SCL_1x1,22789.00,111.00,111.15
2014-02,SoCal Inland,mobileT,MobileTheory SCL Inland - The Pinnacle Sustain - LA Zip DMA 2/1-2/28 PACKAGE,mobile,2/1/2014,2/28/2014,113968,,Pinnacle,SCL_1x1,36798.00,217.00,169.02
2014-02,SoCal Inland,mobileT,MobileTheory SCL Inland - The Enclave Spanish - LA Zip DMA 2/1-2/28 PACKAGE,mobile,2/1/2014,2/28/2014,114273,,The Enclave,SCL_1x1,34825.00,90.00,201.65
2014-02,SoCal Inland,mobileT,MobileTheory SCL Inland - The Enclave English - LA Zip DMA 2/1-2/28 PACKAGE,mobile,2/1/2014,2/28/2014,114273,,The Enclave,SCL_1x1,42267.00,174.00,203.10
2014-02,SoCal Inland,mobileT,MobileTheory SCL Inland -  Las Playas English - LA Zip DMA 2/1-2/28 PACKAGE,mobile,2/1/2014,2/28/2014,110025,,Las Playas Sustain,SCL_1x1,42239.00,210.00,206.84
2014-02,SoCal Inland,mobileT,MobileTheory SCL Inland -  Las Playas English - LA Zip DMA 2/1-2/28 PACKAGE,mobile,2/1/2014,2/28/2014,110025,,Las Playas Sustain,SCL_1x1,60410.00,412.00,293.72
2014-02,SoCal Inland,mobileT,MobileTheory SCL Inland -  Las Playas Spanish - LA Zip DMA 2/1-2/28 PACKAGE,mobile,2/1/2014,2/28/2014,110025,,Las Playas Sustain,SCL_1x1,61850.00,410.00,356.27
2014-02,SoCal Inland,mobileT,MobileTheory SCL Inland - Saratoga Sustain English - LA Zip DMA 2/1-2/28 PACKAGE,mobile,2/1/2014,2/28/2014,110277,,Saratoga Sustain,SCL_1x1,83872.00,0.00,406.24
2014-02,SoCal Inland,mobileT,MobileTheory SCL Inland - Saratoga Sustain Spanish - LA Zip DMA 2/1-2/28 PACKAGE,mobile,2/1/2014,2/28/2014,114649,,Saratoga Sustain,SCL_1x1,80517.00,614.00,1000.01
2014-02,SoCal Inland,mobileT,MobileTheory SCL Inland - Saratoga Sustain English - LA Zip DMA 2/1-2/28 PACKAGE,mobile,2/1/2014,2/28/2014,110277,,Saratoga Sustain,SCL_1x1,98428.00,1406.00,482.60
2014-02,SoCal Inland,mobileT,MobileTheory SCL Inland -  Las Playas English - LA Zip DMA 2/1-2/28 PACKAGE,mobile,2/1/2014,2/28/2014,110025,,Las Playas Sustain,SCL_1x1,102148.00,855.00,499.44
2014-02,SoCal Inland,mobileT,MobileTheory SCL Inland - Monument Park Sustain - LA Zip DMA 2/1-2/28 PACKAGE,mobile,2/1/2014,2/28/2014,111679,,Monument Park,SCL_1x1,109416.00,417.00,530.09
2014-02,SoCal Inland,mobileT,MobileTheory SCL Inland - The Preserve Sustain - LA Zip DMA 2/1-2/28 PACKAGE,mobile,2/1/2014,2/28/2014,113999,,Preserve,SCL_1x1,121811.00,843.00,1663.18
2014-02,SoCal Inland,mobileT,MobileTheory SCL Inland - Parkside Sustain - LA Zip DMA 2/1-2/28 PACKAGE,mobile,2/1/2014,2/28/2014,111556,,Parkside,SCL_1x1,126061.00,407.00,4297.19
2014-02,SoCal Inland,mobileT,MobileTheory SCL Inland - The Enclave Spanish - LA Zip DMA 2/1-2/28 PACKAGE,mobile,2/1/2014,2/28/2014,114273,,The Enclave,SCL_1x1,111880.00,654.00,639.67
2014-02,SoCal Inland,mobileT,MobileTheory SCL Inland -  Las Playas Spanish - LA Zip DMA 2/1-2/28 PACKAGE,mobile,2/1/2014,2/28/2014,110025,,Las Playas Sustain,SCL_1x1,113394.00,886.00,643.73
2014-02,SoCal Inland,mobileT,MobileTheory SCL Inland - The Pinnacle Sustain - LA Zip DMA 2/1-2/28 PACKAGE,mobile,2/1/2014,2/28/2014,113968,,Pinnacle,SCL_1x1,140642.00,942.00,647.12
2014-02,SoCal Inland,mobileT,MobileTheory SCL Inland - The Enclave Spanish - LA Zip DMA 2/1-2/28 PACKAGE,mobile,2/1/2014,2/28/2014,114273,,The Enclave,SCL_1x1,115652.00,934.00,658.68
2014-02,SoCal Inland,mobileT,MobileTheory SCL Inland - The Enclave English - LA Zip DMA 2/1-2/28 PACKAGE,mobile,2/1/2014,2/28/2014,114273,,The Enclave,SCL_1x1,178203.00,1139.00,852.43
2014-02,SoCal Inland,mobileT,MobileTheory SCL Inland - Monument Park Sustain - LA Zip DMA 2/1-2/28 PACKAGE,mobile,2/1/2014,2/28/2014,111679,,Monument Park,SCL_1x1,182397.00,886.00,880.12
2014-02,SoCal Inland,mobileT,MobileTheory SCL Inland - The Enclave English - LA Zip DMA 2/1-2/28 PACKAGE,mobile,2/1/2014,2/28/2014,114273,,The Enclave,SCL_1x1,198164.00,1663.00,944.47
2014-02,SoCal Inland,mobileT,MobileTheory SCL Inland - Monument Park Sustain - LA Zip DMA 2/1-2/28 PACKAGE,mobile,2/1/2014,2/28/2014,111679,,Monument Park,SCL_1x1,225852.00,1334.00,1089.79
2014-02,SoCal Inland,mobileT,MobileTheory SCL Inland - The Pinnacle Sustain - LA Zip DMA 2/1-2/28 PACKAGE,mobile,2/1/2014,2/28/2014,113968,,Pinnacle,SCL_1x1,347393.00,3304.00,1683.86
2014-02,SoCal Inland,pulpo,Pulpo SCL Inland -  Las Playas - LA Zip DMA Display Hispanic 2/2-2/28 PACKAGE,banners,2/1/2014,2/28/2014,110026,,Las Playas Sustain,110026_0605-WB_160x600.jpg,52023.00,23.00,999.99
2014-02,SoCal Inland,pulpo,Pulpo SCL Inland - Monument Park Sustain - LA Zip DMA Display 2/1-2/28 PACKAGE,banners,2/1/2014,2/28/2014,112522,,Monument Park,112522_160x600.jpg,63383.00,9.00,1028.58
2014-02,SoCal Inland,pulpo,Pulpo SCL Inland - Monument Park Sustain - LA Zip DMA Display 2/1-2/28 PACKAGE,banners,2/1/2014,2/28/2014,111680,,Monument Park,111680_300x250.jpg,113257.00,27.00,393.43
2014-02,SoCal Inland,pulpo,Pulpo SCL Inland -  Las Playas - LA Zip DMA Tablet Hispanic 2/2-2/28 PACKAGE,mobile,2/1/2014,2/28/2014,110026,,Las Playas Sustain,SCL_1x1,43149.00,50.00,1000.00
2014-02,SoCal Inland,pulpo,Pulpo SCL Inland - Monument Park Sustain - LA Zip DMA Tablet 2/1-2/28 PACKAGE,mobile,2/1/2014,2/28/2014,111680,,Monument Park,SCL_1x1,122671.00,147.00,577.98
